Timestamp_Local_Human,Timestamp_Local_EpochMs,Timestamp_Arduino,DeviceName,DeviceAddress,Ax,Ay,Az,Gx,Gy,Gz,Q0,Q1,Q2,Q3,Env1,Env2,Env3,Env4
2026:07:03_17:28:44.105,1783092524105,171,LT,73:5A:BC:29:A9:13,1.0130615,-0.036621094,-0.036499023,-2.0141602,0.48828122,-0.18310545,-0.42215633,-0.5553643,0.4579145,-0.551054,63.0,69.0,78.0,82.0
2026:07:03_17:28:44.143,1783092524143,199,LT,73:5A:BC:29:A9:13,1.0133057,-0.033203125,-0.036621094,-1.2207031,0.42724606,-0.24414061,-0.42298135,-0.555827,0.45751297,-0.5502874,61.0,69.0,78.0,81.0
2026:07:03_17:28:44.180,1783092524180,229,LT,73:5A:BC:29:A9:13,1.010498,-0.035888672,-0.032958984,-0.8544921,0.30517578,-0.7324218,-0.42350283,-0.5545005,0.45722216,-0.5514651,62.0,68.0,78.0,82.0
2026:07:03_17:28:44.183,1783092524183,271,LT,73:5A:BC:29:A9:13,1.0131836,-0.034301758,-0.035888672,0.18310545,0.30517578,-1.2207031,-0.42305523,-0.554818,0.45772696,-0.55107063,61.0,68.0,79.0,82.0
2026:07:03_17:28:44.185,1783092524185,289,LT,73:5A:BC:29:A9:13,1.0119629,-0.033447266,-0.03930664,0.7324218,0.122070305,-1.3427733,-0.42295194,-0.5556591,0.45774752,-0.55028516,62.0,68.0,78.0,81.0
2026:07:03_17:28:44.223,1783092524223,304,LT,73:5A:BC:29:A9:13,1.012207,-0.033203125,-0.041625977,2.0751953,-0.24414061,-1.4038085,-0.42254782,-0.5565628,0.45785126,-0.54959553,62.0,66.0,78.0,80.0
2026:07:03_17:28:44.226,1783092524226,334,LT,73:5A:BC:29:A9:13,1.0114746,-0.036621094,-0.037109375,1.6479491,0.122070305,-1.4038085,-0.42174816,-0.55539066,0.45802438,-0.5512484,63.0,68.0,77.0,82.0
2026:07:03_17:28:44.269,1783092524269,348,LT,73:5A:BC:29:A9:13,1.0118408,-0.036865234,-0.040649414,1.4038085,0.30517578,-1.3427733,-0.42131212,-0.55611664,0.4582612,-0.5506533,61.0,68.0,79.0,81.0
2026:07:03_17:28:44.270,1783092524270,363,LT,73:5A:BC:29:A9:13,1.012085,-0.035888672,-0.040893555,1.4648436,0.3662109,-0.97656244,-0.4210749,-0.55692494,0.45830917,-0.5499774,61.0,67.0,77.0,82.0
2026:07:03_17:28:44.312,1783092524312,389,LT,73:5A:BC:29:A9:13,1.0093994,-0.036987305,-0.039916992,1.7700194,-0.18310545,-0.793457,-0.41997075,-0.55650306,0.45894748,-0.55071586,63.0,68.0,79.0,80.0
2026:07:03_17:28:44.407,1783092524407,498,LT,73:5A:BC:29:A9:13,1.0147705,-0.037963867,-0.0423584,0.3662109,-0.5493164,-1.0375977,-0.41995314,-0.557509,0.4582418,-0.5502988,60.0,67.0,80.0,80.0
2026:07:03_17:28:44.368,1783092524368,464,LT,73:5A:BC:29:A9:13,1.0112305,-0.043945312,-0.041870117,0.061035153,0.30517578,-0.793457,-0.41790634,-0.5557778,0.46025956,-0.55192196,61.0,69.0,78.0,82.0
2026:07:03_17:28:44.137,1783092524137,185,LT,73:5A:BC:29:A9:13,1.0135498,-0.036132812,-0.037719727,-1.4648436,0.48828122,-0.24414061,-0.42196313,-0.55589044,0.45832548,-0.5503293,62.0,69.0,79.0,81.0
2026:07:03_17:28:44.406,1783092524406,479,LT,73:5A:BC:29:A9:13,1.0136719,-0.03930664,-0.04321289,0.24414061,0.0,-0.9155273,-0.41880313,-0.5568549,0.45939356,-0.55087715,59.0,67.0,80.0,81.0
2026:07:03_17:28:44.226,1783092524226,319,LT,73:5A:BC:29:A9:13,1.012085,-0.03479004,-0.037475586,2.1972656,-0.18310545,-1.4038085,-0.42246985,-0.5559675,0.4575835,-0.55047995,62.0,68.0,77.0,80.0
2026:07:03_17:28:44.315,1783092524315,421,LT,73:5A:BC:29:A9:13,1.0096436,-0.041625977,-0.043823242,1.2207031,-0.24414061,-0.61035156,-0.41838142,-0.55682594,0.46003112,-0.5506948,62.0,67.0,79.0,82.0
2026:07:03_17:28:44.358,1783092524358,450,LT,73:5A:BC:29:A9:13,1.0100098,-0.04626465,-0.0435791,0.24414061,0.30517578,-0.7324218,-0.41689223,-0.5555964,0.46123615,-0.55205625,61.0,67.0,78.0,81.0
2026:07:03_17:28:44.356,1783092524356,435,LT,73:5A:BC:29:A9:13,1.0087891,-0.04711914,-0.044433594,0.9155273,-0.122070305,-0.67138666,-0.41747993,-0.55637205,0.4607452,-0.5512405,63.0,68.0,78.0,82.0
2026:07:03_17:28:44.182,1783092524182,257,LT,73:5A:BC:29:A9:13,1.0151367,-0.034301758,-0.036132812,-0.122070305,0.42724606,-1.159668,-0.4235761,-0.5557533,0.45729244,-0.55008805,61.0,68.0,79.0,81.0
2026:07:03_17:28:44.271,1783092524271,378,LT,73:5A:BC:29:A9:13,1.0101318,-0.036865234,-0.03955078,1.5258788,0.24414061,-0.8544921,-0.42096922,-0.556427,0.45824003,-0.55061895,63.0,69.0,78.0,80.0
2026:07:03_17:28:44.147,1783092524147,214,LT,73:5A:BC:29:A9:13,1.0118408,-0.032714844,-0.0345459,-1.159668,0.24414061,-0.3662109,-0.42354318,-0.5555417,0.45707557,-0.5505069,64.0,69.0,78.0,82.0
2026:07:03_17:28:44.412,1783092524412,515,LT,73:5A:BC:29:A9:13,1.0100098,-0.040527344,-0.041259766,0.42724606,-0.5493164,-1.0986328,-0.41930467,-0.5568778,0.4587732,-0.5509894,59.0,66.0,79.0,82.0
2026:07:03_17:28:44.313,1783092524313,408,LT,73:5A:BC:29:A9:13,1.0096436,-0.03857422,-0.04309082,1.586914,-0.30517578,-0.67138666,-0.4192955,-0.55732423,0.45935076,-0.55006355,61.0,68.0,80.0,81.0
2026:07:03_17:28:44.451,1783092524451,544,LT,73:5A:BC:29:A9:13,1.0095215,-0.041992188,-0.041625977,0.30517578,-0.18310545,-1.0375977,-0.4180357,-0.5564696,0.4598666,-0.5514547,61.0,68.0,79.0,81.0
2026:07:03_17:28:44.451,1783092524451,529,LT,73:5A:BC:29:A9:13,1.0092773,-0.041625977,-0.040771484,0.3662109,-0.24414061,-1.0375977,-0.41874745,-0.55614364,0.4592192,-0.55178267,60.0,66.0,78.0,80.0
2026:07:03_17:28:44.452,1783092524452,559,LT,73:5A:BC:29:A9:13,1.0106201,-0.041015625,-0.041748047,0.18310545,-0.122070305,-0.97656244,-0.4187106,-0.5565625,0.4591998,-0.55140436,63.0,68.0,78.0,81.0
2026:07:03_17:28:44.491,1783092524491,570,LT,73:5A:BC:29:A9:13,1.0113525,-0.03918457,-0.041137695,-0.18310545,-0.18310545,-0.97656244,-0.41974095,-0.55692315,0.4582431,-0.55105263,62.0,68.0,78.0,81.0
2026:07:03_17:28:44.492,1783092524492,589,LT,73:5A:BC:29:A9:13,1.0125732,-0.037963867,-0.040649414,0.0,-0.24414061,-1.0986328,-0.42056766,-0.5565439,0.4574244,-0.55148554,62.0,67.0,80.0,82.0
2026:07:03_17:28:44.494,1783092524494,602,LT,73:5A:BC:29:A9:13,1.0128174,-0.037475586,-0.03894043,0.061035153,-0.3662109,-1.0986328,-0.4197246,-0.5566207,0.4582225,-0.5513879,61.0,68.0,79.0,82.0
2026:07:03_17:28:44.536,1783092524536,617,LT,73:5A:BC:29:A9:13,1.0108643,-0.039916992,-0.03894043,0.30517578,-0.48828122,-1.0986328,-0.4195507,-0.55590534,0.45831093,-0.5521676,61.0,67.0,78.0,83.0
2026:07:03_17:28:44.539,1783092524539,630,LT,73:5A:BC:29:A9:13,1.0096436,-0.04272461,-0.039794922,0.3662109,-0.5493164,-0.97656244,-0.41859445,-0.55577993,0.45916533,-0.5523099,61.0,69.0,79.0,81.0
2026:07:03_17:28:44.540,1783092524540,645,LT,73:5A:BC:29:A9:13,1.0102539,-0.046142578,-0.042114258,0.30517578,-0.5493164,-0.8544921,-0.41768286,-0.5557412,0.4599901,-0.5523528,63.0,69.0,79.0,81.0
2026:07:03_17:28:44.580,1783092524580,660,LT,73:5A:BC:29:A9:13,1.0108643,-0.047973633,-0.044189453,0.061035153,-0.48828122,-0.67138666,-0.41679564,-0.55580074,0.46082908,-0.552264,61.0,67.0,79.0,81.0
2026:07:03_17:28:44.583,1783092524583,674,LT,73:5A:BC:29:A9:13,1.0089111,-0.05029297,-0.044799805,0.0,-0.42724606,-0.61035156,-0.41564038,-0.55555516,0.46191686,-0.5524725,61.0,68.0,79.0,81.0
2026:07:03_17:28:44.584,1783092524584,692,LT,73:5A:BC:29:A9:13,1.0074463,-0.050048828,-0.04333496,-0.67138666,-0.3662109,-0.5493164,-0.41562447,-0.5547558,0.4619822,-0.55323243,62.0,69.0,79.0,81.0
2026:07:03_17:28:44.627,1783092524627,707,LT,73:5A:BC:29:A9:13,1.0085449,-0.048461914,-0.036621094,-1.0986328,-0.42724606,-0.61035156,-0.41639784,-0.55435663,0.4613772,-0.5535559,61.0,68.0,78.0,82.0
2026:07:03_17:28:44.631,1783092524631,740,LT,73:5A:BC:29:A9:13,1.013916,-0.04663086,-0.036621094,-1.4038085,-0.30517578,-0.9155273,-0.41820392,-0.55378073,0.46007746,-0.5538526,62.0,67.0,79.0,81.0
2026:07:03_17:28:44.629,1783092524629,723,LT,73:5A:BC:29:A9:13,1.0108643,-0.049438477,-0.035888672,-1.7089843,-0.3662109,-0.793457,-0.41717127,-0.5537078,0.46088332,-0.55403423,60.0,68.0,79.0,82.0
2026:07:03_17:28:44.673,1783092524673,754,LT,73:5A:BC:29:A9:13,1.0133057,-0.04260254,-0.036865234,-1.0375977,-0.42724606,-0.97656244,-0.4190071,-0.55427146,0.4594356,-0.55328697,63.0,69.0,78.0,80.0
2026:07:03_17:28:44.675,1783092524675,766,LT,73:5A:BC:29:A9:13,1.0130615,-0.041137695,-0.036132812,-0.7324218,-0.42724606,-1.0986328,-0.42007482,-0.55472153,0.45852062,-0.552785,63.0,68.0,80.0,82.0
2026:07:03_17:28:44.677,1783092524677,781,LT,73:5A:BC:29:A9:13,1.0126953,-0.040527344,-0.034423828,-0.5493164,-0.48828122,-1.4038085,-0.42080182,-0.5545061,0.45787093,-0.55298674,62.0,68.0,80.0,81.0
2026:07:03_17:28:44.718,1783092524718,799,LT,73:5A:BC:29:A9:13,1.0118408,-0.041137695,-0.032104492,-0.3662109,-0.67138666,-1.4038085,-0.42121693,-0.5537634,0.45749176,-0.5537283,61.0,69.0,79.0,81.0
2026:07:03_17:28:44.719,1783092524719,814,LT,73:5A:BC:29:A9:13,1.0106201,-0.04321289,-0.035888672,-0.061035153,-0.61035156,-1.3427733,-0.4204929,-0.5540853,0.45820534,-0.55336696,62.0,69.0,79.0,81.0
2026:07:03_17:28:44.721,1783092524721,828,LT,73:5A:BC:29:A9:13,1.0106201,-0.041992188,-0.036376953,0.24414061,-0.3662109,-1.3427733,-0.42000353,-0.5546653,0.45865956,-0.552781,62.0,67.0,80.0,82.0
2026:07:03_17:28:44.763,1783092524763,842,LT,73:5A:BC:29:A9:13,1.0098877,-0.040893555,-0.03527832,0.18310545,-0.24414061,-1.4038085,-0.42086414,-0.55452013,0.45778584,-0.5529958,62.0,67.0,77.0,80.0
2026:07:03_17:28:44.768,1783092524768,858,LT,73:5A:BC:29:A9:13,1.0095215,-0.0423584,-0.032958984,0.122070305,-0.18310545,-1.4648436,-0.42062953,-0.55375606,0.45795608,-0.55379844,62.0,67.0,79.0,81.0
2026:07:03_17:28:44.769,1783092524769,872,LT,73:5A:BC:29:A9:13,1.0100098,-0.043945312,-0.034179688,0.48828122,-0.24414061,-1.586914,-0.4197557,-0.5536894,0.45872182,-0.5538946,61.0,68.0,79.0,81.0
2026:07:03_17:28:44.812,1783092524812,887,LT,73:5A:BC:29:A9:13,1.0115967,-0.044433594,-0.036865234,0.8544921,-0.24414061,-1.5258788,-0.41918457,-0.55432737,0.45916387,-0.55332255,61.0,67.0,78.0,81.0
2026:07:03_17:28:44.813,1783092524813,903,LT,73:5A:BC:29:A9:13,1.0125732,-0.046142578,-0.03466797,1.159668,-0.30517578,-1.4038085,-0.41905394,-0.55366254,0.45908707,-0.55415,61.0,68.0,78.0,82.0
2026:07:03_17:28:44.813,1783092524813,917,LT,73:5A:BC:29:A9:13,1.0114746,-0.049438477,-0.032104492,1.159668,-0.24414061,-1.4648436,-0.4188039,-0.55299497,0.4591297,-0.55496967,61.0,67.0,79.0,82.0
2026:07:03_17:28:44.852,1783092524852,931,LT,73:5A:BC:29:A9:13,1.0118408,-0.049072266,-0.032470703,0.8544921,-0.18310545,-1.586914,-0.4184656,-0.55225354,0.45928532,-0.55583376,62.0,69.0,79.0,81.0
2026:07:03_17:28:44.853,1783092524853,947,LT,73:5A:BC:29:A9:13,1.0106201,-0.048095703,-0.032226562,0.7324218,-0.122070305,-1.586914,-0.41913754,-0.55282754,0.4585778,-0.5553407,64.0,68.0,78.0,78.0
2026:07:03_17:28:44.855,1783092524855,962,LT,73:5A:BC:29:A9:13,1.0106201,-0.04748535,-0.030151367,0.97656244,0.3662109,-1.5258788,-0.41934446,-0.55221075,0.45820653,-0.5561042,65.0,69.0,80.0,80.0
2026:07:03_17:28:44.898,1783092524898,973,LT,73:5A:BC:29:A9:13,1.012207,-0.04699707,-0.029296875,1.0986328,0.48828122,-1.586914,-0.41994387,-0.551839,0.4574459,-0.5566467,62.0,68.0,80.0,81.0
2026:07:03_17:28:44.899,1783092524899,1005,LT,73:5A:BC:29:A9:13,1.0107422,-0.049072266,-0.032104492,1.159668,-0.42724606,-1.6479491,-0.418464,-0.55264556,0.45856208,-0.5560426,61.0,68.0,80.0,82.0
2026:07:03_17:28:44.899,1783092524899,992,LT,73:5A:BC:29:A9:13,1.0125732,-0.04711914,-0.031982422,1.0986328,0.0,-1.586914,-0.41935492,-0.55256253,0.45786417,-0.55602914,62.0,68.0,79.0,81.0
2026:07:03_17:28:44.903,1783092524903,1018,LT,73:5A:BC:29:A9:13,1.0096436,-0.052856445,-0.033813477,1.4648436,-0.7324218,-1.7700194,-0.41751492,-0.5526052,0.45926446,-0.55621624,60.0,68.0,78.0,80.0
2026:07:03_17:28:44.944,1783092524944,1033,LT,73:5A:BC:29:A9:13,1.0065918,-0.061035156,-0.038085938,2.0751953,-0.9155273,-2.1362305,-0.4163126,-0.5526795,0.4600578,-0.5563881,61.0,67.0,79.0,81.0
2026:07:03_17:28:44.945,1783092524945,1050,LT,73:5A:BC:29:A9:13,1.0056152,-0.061035156,-0.03894043,1.586914,-0.67138666,-2.380371,-0.4153783,-0.5527402,0.46072114,-0.5564772,62.0,68.0,79.0,81.0
2026:07:03_17:28:44.989,1783092524989,1065,LT,73:5A:BC:29:A9:13,1.0093994,-0.055419922,-0.036499023,0.9155273,-0.42724606,-2.319336,-0.41446596,-0.55267406,0.4614477,-0.55662113,60.0,68.0,78.0,80.0
2026:07:03_17:28:44.990,1783092524990,1080,LT,73:5A:BC:29:A9:13,1.0098877,-0.053588867,-0.036132812,-0.67138666,-0.061035153,-2.0141602,-0.41578174,-0.5531104,0.4602975,-0.5561581,61.0,67.0,79.0,82.0
2026:07:03_17:28:44.993,1783092524993,1097,LT,73:5A:BC:29:A9:13,1.0087891,-0.048217773,-0.034301758,-0.97656244,-0.122070305,-1.8310546,-0.4165859,-0.55337155,0.45962384,-0.5558538,64.0,67.0,78.0,81.0
2026:07:03_17:28:45.035,1783092525035,1108,LT,73:5A:BC:29:A9:13,1.0095215,-0.046875,-0.03149414,-0.793457,-0.42724606,-1.2817382,-0.41754904,-0.55333227,0.4587937,-0.555856,62.0,67.0,77.0,80.0
2026:07:03_17:28:45.038,1783092525038,1123,LT,73:5A:BC:29:A9:13,1.0098877,-0.04748535,-0.029785156,-0.9155273,-0.5493164,-0.793457,-0.41829303,-0.5529062,0.45818606,-0.55622154,63.0,67.0,78.0,81.0
2026:07:03_17:28:45.042,1783092525042,1142,LT,73:5A:BC:29:A9:13,1.0089111,-0.048950195,-0.03186035,-1.4038085,-0.5493164,-0.061035153,-0.41725472,-0.55228174,0.45939997,-0.5566206,60.0,68.0,79.0,81.0
2026:07:03_17:28:45.077,1783092525077,1156,LT,73:5A:BC:29:A9:13,1.0106201,-0.046875,-0.033813477,-1.3427733,-0.18310545,0.18310545,-0.41792208,-0.55302566,0.45897967,-0.55572754,61.0,67.0,77.0,81.0
2026:07:03_17:28:45.078,1783092525078,1170,LT,73:5A:BC:29:A9:13,1.012207,-0.045654297,-0.03479004,-1.0375977,-0.061035153,0.18310545,-0.41844985,-0.5538261,0.45865685,-0.554799,61.0,67.0,79.0,81.0
2026:07:03_17:28:45.081,1783092525081,1185,LT,73:5A:BC:29:A9:13,1.0134277,-0.04663086,-0.031982422,-0.61035156,-0.061035153,0.061035153,-0.4188089,-0.5531721,0.45836377,-0.5554222,62.0,67.0,79.0,82.0
2026:07:03_17:28:45.121,1783092525121,1200,LT,73:5A:BC:29:A9:13,1.0128174,-0.0501709,-0.030273438,0.24414061,-0.3662109,-0.30517578,-0.41847846,-0.5523823,0.4586091,-0.5562541,62.0,69.0,78.0,81.0
2026:07:03_17:28:45.122,1783092525122,1214,LT,73:5A:BC:29:A9:13,1.012085,-0.053100586,-0.029052734,0.48828122,-0.48828122,-0.48828122,-0.41791213,-0.55143666,0.45901963,-0.5572786,60.0,69.0,79.0,81.0
2026:07:03_17:28:45.125,1783092525125,1232,LT,73:5A:BC:29:A9:13,1.0113525,-0.052001953,-0.030273438,0.61035156,-0.42724606,-0.7324218,-0.41694984,-0.55133384,0.45985562,-0.5574122,60.0,67.0,80.0,81.0
2026:07:03_17:28:45.169,1783092525169,1247,LT,73:5A:BC:29:A9:13,1.0111084,-0.05029297,-0.032592773,0.61035156,-0.3662109,-0.793457,-0.41747317,-0.552317,0.45930168,-0.55650306,62.0,67.0,79.0,82.0
2026:07:03_17:28:45.171,1783092525171,1262,LT,73:5A:BC:29:A9:13,1.0114746,-0.049926758,-0.033325195,0.7324218,-0.42724606,-0.7324218,-0.41752115,-0.5532236,0.45919192,-0.55565673,61.0,67.0,79.0,82.0
2026:07:03_17:28:45.172,1783092525172,1276,LT,73:5A:BC:29:A9:13,1.0093994,-0.048828125,-0.033569336,0.8544921,-0.42724606,-0.67138666,-0.4179783,-0.552824,0.4586029,-0.55619663,62.0,69.0,78.0,82.0
2026:07:03_17:28:45.214,1783092525214,1304,LT,73:5A:BC:29:A9:13,1.012085,-0.049926758,-0.030151367,1.2207031,-0.18310545,-0.7324218,-0.41817278,-0.5519999,0.4580999,-0.5572824,64.0,68.0,78.0,82.0
2026:07:03_17:28:45.216,1783092525216,1317,LT,73:5A:BC:29:A9:13,1.013794,-0.048583984,-0.030151367,1.6479491,-0.24414061,-0.3662109,-0.4184683,-0.5529817,0.45762137,-0.55648005,62.0,69.0,79.0,82.0
2026:07:03_17:28:45.217,1783092525217,1334,LT,73:5A:BC:29:A9:13,1.0131836,-0.045288086,-0.025756836,1.586914,-0.67138666,0.0,-0.4190627,-0.552694,0.4567531,-0.5570314,62.0,68.0,80.0,81.0
2026:07:03_17:28:45.256,1783092525256,1348,LT,73:5A:BC:29:A9:13,1.0135498,-0.045288086,-0.021850586,1.9531249,-2.0141602,0.61035156,-0.41934237,-0.5523684,0.45611945,-0.5576627,61.0,67.0,81.0,82.0
2026:07:03_17:28:45.259,1783092525259,1365,LT,73:5A:BC:29:A9:13,1.0065918,-0.056152344,-0.024169922,2.807617,-2.4414062,0.793457,-0.41830477,-0.5518656,0.4567018,-0.5584624,62.0,67.0,79.0,82.0
2026:07:03_17:28:45.302,1783092525302,1380,LT,73:5A:BC:29:A9:13,1.005127,-0.064941406,-0.029907227,4.4555664,-1.586914,0.9155273,-0.41689464,-0.55169827,0.45742252,-0.5590922,61.0,69.0,78.0,81.0
2026:07:03_17:28:45.304,1783092525304,1394,LT,73:5A:BC:29:A9:13,1.0072021,-0.068359375,-0.04321289,4.0893555,-0.8544921,0.7324218,-0.41562092,-0.55200005,0.45808035,-0.5592042,61.0,68.0,80.0,82.0
2026:07:03_17:28:45.306,1783092525306,1409,LT,73:5A:BC:29:A9:13,1.0100098,-0.06665039,-0.04711914,0.7324218,-0.061035153,0.122070305,-0.41477865,-0.5522412,0.45880732,-0.5589954,62.0,69.0,79.0,80.0
2026:07:03_17:28:45.348,1783092525348,1424,LT,73:5A:BC:29:A9:13,1.0128174,-0.06958008,-0.048461914,-0.7324218,0.061035153,-0.24414061,-0.4140535,-0.5523645,0.4596199,-0.5587436,61.0,68.0,79.0,82.0
2026:07:03_17:28:45.348,1783092525348,1438,LT,73:5A:BC:29:A9:13,1.0119629,-0.06921387,-0.042236328,-1.7700194,0.30517578,-0.9155273,-0.4131984,-0.5522278,0.460747,-0.5585834,61.0,68.0,80.0,81.0
2026:07:03_17:28:45.350,1783092525350,1456,LT,73:5A:BC:29:A9:13,1.0091553,-0.059448242,-0.025390625,-1.7089843,0.24414061,-1.0375977,-0.41380963,-0.5516237,0.46035507,-0.5590504,62.0,69.0,79.0,81.0
2026:07:03_17:28:45.393,1783092525393,1470,LT,73:5A:BC:29:A9:13,1.0093994,-0.052978516,-0.021118164,-1.3427733,0.0,-0.97656244,-0.41472128,-0.55129087,0.45964903,-0.55928427,61.0,68.0,78.0,81.0
2026:07:03_17:28:45.393,1783092525393,1486,LT,73:5A:BC:29:A9:13,1.0115967,-0.03942871,-0.02331543,-1.2817382,0.0,-0.8544921,-0.41544056,-0.55146605,0.45907703,-0.5590474,62.0,67.0,78.0,81.0
2026:07:03_17:28:45.396,1783092525396,1497,LT,73:5A:BC:29:A9:13,1.0111084,-0.03564453,-0.028198242,-0.793457,0.30517578,-0.67138666,-0.41644529,-0.5520088,0.45824108,-0.5584498,61.0,69.0,78.0,80.0
2026:07:03_17:28:45.438,1783092525438,1525,LT,73:5A:BC:29:A9:13,1.0089111,-0.04736328,-0.0345459,0.67138666,0.30517578,-0.30517578,-0.41707027,-0.5536015,0.4576387,-0.556899,63.0,69.0,78.0,80.0
2026:07:03_17:28:45.439,1783092525439,1540,LT,73:5A:BC:29:A9:13,1.0093994,-0.052978516,-0.034057617,0.5493164,0.24414061,-0.061035153,-0.41611633,-0.5533446,0.45847532,-0.5571794,62.0,67.0,79.0,82.0
2026:07:03_17:28:45.441,1783092525441,1555,LT,73:5A:BC:29:A9:13,1.0106201,-0.059570312,-0.034423828,0.30517578,0.24414061,0.0,-0.41519892,-0.5528188,0.45929533,-0.55771005,61.0,68.0,78.0,81.0
2026:07:03_17:28:45.482,1783092525482,1569,LT,73:5A:BC:29:A9:13,1.0114746,-0.060546875,-0.033691406,-0.8544921,0.61035156,-0.24414061,-0.41443565,-0.55208564,0.46012357,-0.55832076,61.0,69.0,78.0,83.0
2026:07:03_17:28:45.485,1783092525485,1584,LT,73:5A:BC:29:A9:13,1.0118408,-0.059936523,-0.034179688,-1.5258788,0.9155273,-0.5493164,-0.41368976,-0.5515205,0.46103802,-0.55867827,62.0,67.0,78.0,81.0
2026:07:03_17:28:45.494,1783092525494,1599,LT,73:5A:BC:29:A9:13,1.0113525,-0.0579834,-0.033325195,-2.4414062,1.159668,-1.0986328,-0.41493207,-0.55170035,0.46018833,-0.55827963,62.0,69.0,79.0,81.0
2026:07:03_17:28:45.539,1783092525539,1626,LT,73:5A:BC:29:A9:13,1.012207,-0.045776367,-0.02722168,-2.2583008,0.97656244,-1.0986328,-0.41725594,-0.5518028,0.4585737,-0.5577749,62.0,69.0,78.0,82.0
2026:07:03_17:28:45.540,1783092525540,1641,LT,73:5A:BC:29:A9:13,1.0119629,-0.041503906,-0.025268555,-0.9155273,0.48828122,-1.0986328,-0.41836536,-0.5520286,0.4576343,-0.5574919,62.0,68.0,78.0,82.0
2026:07:03_17:28:45.536,1783092525536,1613,LT,73:5A:BC:29:A9:13,1.012085,-0.05053711,-0.028930664,-2.5024414,1.0986328,-1.159668,-0.41601306,-0.5516909,0.45945022,-0.5580926,63.0,69.0,78.0,80.0
2026:07:03_17:28:45.615,1783092525615,1655,LT,73:5A:BC:29:A9:13,1.0111084,-0.037109375,-0.01965332,-0.3662109,0.3662109,-1.0375977,-0.41908085,-0.55206436,0.4569749,-0.55745995,63.0,68.0,78.0,80.0
2026:07:03_17:28:45.621,1783092525621,1670,LT,73:5A:BC:29:A9:13,1.0101318,-0.037597656,-0.020629883,0.30517578,0.24414061,-1.0375977,-0.42025268,-0.5522153,0.4557839,-0.5574033,61.0,69.0,79.0,80.0
2026:07:03_17:28:45.623,1783092525623,1684,LT,73:5A:BC:29:A9:13,1.0111084,-0.037109375,-0.026367188,0.61035156,0.3662109,-1.0986328,-0.4210586,-0.5529842,0.45494395,-0.5567188,62.0,68.0,80.0,82.0
2026:07:03_17:28:45.623,1783092525623,1697,LT,73:5A:BC:29:A9:13,1.013794,-0.037353516,-0.028686523,0.793457,0.42724606,-1.159668,-0.4214205,-0.5539538,0.4545108,-0.55583405,61.0,68.0,79.0,82.0
2026:07:03_17:28:45.662,1783092525662,1730,LT,73:5A:BC:29:A9:13,1.0118408,-0.048583984,-0.028076172,1.4648436,0.18310545,-1.2817382,-0.4201223,-0.5540442,0.45542014,-0.55598205,64.0,69.0,79.0,81.0
2026:07:03_17:28:45.664,1783092525664,1760,LT,73:5A:BC:29:A9:13,1.0112305,-0.046875,-0.034423828,1.8920897,-0.30517578,-1.3427733,-0.41849765,-0.5545231,0.45652723,-0.55582273,58.0,66.0,80.0,82.0
2026:07:03_17:28:45.665,1783092525665,1771,LT,73:5A:BC:29:A9:13,1.0113525,-0.047851562,-0.032958984,1.7700194,-0.18310545,-1.2207031,-0.41752154,-0.5542135,0.45720094,-0.556311,59.0,67.0,79.0,82.0
2026:07:03_17:28:45.705,1783092525705,1786,LT,73:5A:BC:29:A9:13,1.0117188,-0.049560547,-0.03149414,1.8310546,0.061035153,-0.97656244,-0.41699156,-0.55353796,0.45742503,-0.55719626,61.0,67.0,78.0,80.0
2026:07:03_17:28:45.707,1783092525707,1799,LT,73:5A:BC:29:A9:13,1.010498,-0.052856445,-0.03491211,2.1972656,-0.061035153,-0.8544921,-0.41578838,-0.55371475,0.45821664,-0.5572695,60.0,66.0,78.0,81.0
2026:07:03_17:28:45.710,1783092525710,1817,LT,73:5A:BC:29:A9:13,1.0096436,-0.057250977,-0.034301758,2.6245115,-0.18310545,-0.793457,-0.4147446,-0.5533691,0.4588319,-0.5578839,60.0,67.0,79.0,82.0
2026:07:03_17:28:45.752,1783092525752,1832,LT,73:5A:BC:29:A9:13,1.0089111,-0.061279297,-0.032958984,2.6245115,-0.30517578,-0.67138666,-0.4138931,-0.55287534,0.4592768,-0.5586391,62.0,67.0,79.0,81.0
2026:07:03_17:28:45.753,1783092525753,1845,LT,73:5A:BC:29:A9:13,1.0093994,-0.06567383,-0.03515625,2.319336,-0.24414061,-0.67138666,-0.41282418,-0.5525386,0.45995194,-0.5592075,62.0,67.0,78.0,82.0
2026:07:03_17:28:45.755,1783092525755,1860,LT,73:5A:BC:29:A9:13,1.0112305,-0.06665039,-0.037597656,1.5258788,0.061035153,-0.793457,-0.4118534,-0.55241007,0.46066937,-0.55945987,62.0,69.0,79.0,83.0
2026:07:03_17:28:45.797,1783092525797,1874,LT,73:5A:BC:29:A9:13,1.0157471,-0.06384277,-0.040283203,1.2817382,0.18310545,-0.793457,-0.41111302,-0.5528465,0.4612185,-0.559121,62.0,67.0,78.0,80.0
2026:07:03_17:28:45.799,1783092525799,1890,LT,73:5A:BC:29:A9:13,1.0140381,-0.06188965,-0.040405273,1.159668,0.18310545,-0.97656244,-0.41072384,-0.55356604,0.46146476,-0.5584916,61.0,66.0,79.0,81.0
2026:07:03_17:28:45.801,1783092525801,1905,LT,73:5A:BC:29:A9:13,1.0076904,-0.059570312,-0.03918457,1.3427733,0.061035153,-1.0375977,-0.41154477,-0.554346,0.4605241,-0.55788934,61.0,67.0,79.0,80.0
2026:07:03_17:28:45.843,1783092525843,1930,LT,73:5A:BC:29:A9:13,1.0054932,-0.060058594,-0.040649414,1.8310546,0.122070305,-1.0375977,-0.41026166,-0.5547518,0.46133202,-0.5577638,63.0,67.0,79.0,81.0
2026:07:03_17:28:45.848,1783092525848,1948,LT,73:5A:BC:29:A9:13,1.0074463,-0.059570312,-0.039794922,2.1972656,0.3662109,-0.793457,-0.41083762,-0.55443054,0.46040633,-0.55842334,62.0,67.0,81.0,81.0
2026:07:03_17:28:45.853,1783092525853,1961,LT,73:5A:BC:29:A9:13,1.010376,-0.059448242,-0.035888672,2.0751953,0.3662109,-0.67138666,-0.41118518,-0.5540027,0.45975548,-0.55912787,62.0,67.0,78.0,82.0
2026:07:03_17:28:45.891,1783092525891,1976,LT,73:5A:BC:29:A9:13,1.0112305,-0.059570312,-0.033935547,1.4648436,0.0,-0.5493164,-0.41155544,-0.55346626,0.4591282,-0.55990165,62.0,67.0,79.0,81.0
2026:07:03_17:28:45.892,1783092525892,1992,LT,73:5A:BC:29:A9:13,1.0111084,-0.060180664,-0.035888672,1.3427733,-0.122070305,-0.61035156,-0.41074738,-0.5537822,0.45973718,-0.55968326,61.0,69.0,80.0,81.0
2026:07:03_17:28:45.894,1783092525894,2006,LT,73:5A:BC:29:A9:13,1.0135498,-0.06225586,-0.0357666,1.0986328,-0.122070305,-0.61035156,-0.41031465,-0.5530511,0.45995384,-0.5605447,63.0,66.0,78.0,81.0
2026:07:03_17:28:45.932,1783092525932,2020,LT,73:5A:BC:29:A9:13,1.0125732,-0.06311035,-0.03515625,0.793457,-0.122070305,-0.67138666,-0.40992653,-0.5522932,0.46016556,-0.5614013,62.0,67.0,80.0,82.0
2026:07:03_17:28:45.933,1783092525933,2038,LT,73:5A:BC:29:A9:13,1.0097656,-0.063964844,-0.033081055,0.7324218,-0.061035153,-0.7324218,-0.41065615,-0.5522182,0.4593534,-0.5616072,63.0,69.0,78.0,80.0
2026:07:03_17:28:45.936,1783092525936,2049,LT,73:5A:BC:29:A9:13,1.0089111,-0.064208984,-0.03137207,0.3662109,-0.122070305,-0.793457,-0.41045895,-0.5514448,0.45943838,-0.56244105,62.0,69.0,80.0,80.0
2026:07:03_17:28:45.976,1783092525976,2064,LT,73:5A:BC:29:A9:13,1.0062256,-0.061767578,-0.029785156,-0.122070305,-0.122070305,-0.8544921,-0.41128987,-0.5518152,0.4586642,-0.56210244,64.0,70.0,78.0,81.0
2026:07:03_17:28:45.979,1783092525979,2076,LT,73:5A:BC:29:A9:13,1.0065918,-0.059814453,-0.030883789,-1.0375977,0.122070305,-0.793457,-0.4119911,-0.5526351,0.45817995,-0.56117785,62.0,69.0,78.0,81.0
2026:07:03_17:28:46.021,1783092526021,2090,LT,73:5A:BC:29:A9:13,1.0078125,-0.05822754,-0.032226562,-1.2207031,0.18310545,-0.7324218,-0.41226488,-0.553422,0.45813215,-0.56023973,63.0,69.0,79.0,81.0
2026:07:03_17:28:46.023,1783092526023,2104,LT,73:5A:BC:29:A9:13,1.0108643,-0.057495117,-0.030273438,-1.2817382,0.18310545,-0.67138666,-0.41294342,-0.552854,0.45763007,-0.56071067,61.0,68.0,79.0,81.0
2026:07:03_17:28:46.024,1783092526024,2120,LT,73:5A:BC:29:A9:13,1.0109863,-0.0579834,-0.028442383,-0.7324218,0.0,-0.48828122,-0.41328293,-0.5521612,0.45736334,-0.56136024,64.0,69.0,79.0,82.0
2026:07:03_17:28:46.026,1783092526026,2134,LT,73:5A:BC:29:A9:13,1.0111084,-0.05810547,-0.024291992,-0.24414061,-0.122070305,-0.3662109,-0.41372085,-0.55159587,0.45693657,-0.5619407,63.0,68.0,79.0,81.0
2026:07:03_17:28:46.067,1783092526067,2149,LT,73:5A:BC:29:A9:13,1.0114746,-0.055908203,-0.024658203,0.48828122,-0.48828122,-0.24414061,-0.41458806,-0.5516382,0.456013,-0.5620104,62.0,70.0,79.0,82.0
2026:07:03_17:28:46.070,1783092526070,2164,LT,73:5A:BC:29:A9:13,1.0118408,-0.053955078,-0.026000977,0.61035156,-0.7324218,-0.18310545,-0.41487285,-0.55257165,0.45569333,-0.5611421,62.0,69.0,80.0,81.0
2026:07:03_17:28:46.071,1783092526071,2178,LT,73:5A:BC:29:A9:13,1.0092773,-0.056396484,-0.028930664,0.9155273,-0.7324218,-0.061035153,-0.4139144,-0.5527206,0.45649987,-0.56104773,62.0,67.0,78.0,81.0
2026:07:03_17:28:46.113,1783092526113,2209,LT,73:5A:BC:29:A9:13,1.0064697,-0.061035156,-0.03479004,0.61035156,-0.061035153,0.0,-0.41228127,-0.55306697,0.45791194,-0.56075794,62.0,69.0,79.0,81.0
2026:07:03_17:28:46.111,1783092526111,2193,LT,73:5A:BC:29:A9:13,1.0065918,-0.060791016,-0.03466797,0.9155273,-0.61035156,0.0,-0.413273,-0.5528849,0.45703784,-0.56092054,63.0,67.0,77.0,83.0
2026:07:03_17:28:46.114,1783092526114,2221,LT,73:5A:BC:29:A9:13,1.0073242,-0.061279297,-0.03515625,0.3662109,0.24414061,0.061035153,-0.41147092,-0.55319643,0.458657,-0.5606166,62.0,69.0,79.0,80.0
2026:07:03_17:28:46.116,1783092526116,2234,LT,73:5A:BC:29:A9:13,1.0117188,-0.060668945,-0.033447266,0.18310545,0.42724606,0.122070305,-0.4105482,-0.5527421,0.4595021,-0.56104875,61.0,68.0,78.0,80.0
2026:07:03_17:28:46.158,1783092526158,2249,LT,73:5A:BC:29:A9:13,1.0134277,-0.060180664,-0.030517578,0.0,0.3662109,0.122070305,-0.41137353,-0.5525245,0.45869204,-0.561321,62.0,67.0,79.0,81.0
2026:07:03_17:28:46.159,1783092526159,2264,LT,73:5A:BC:29:A9:13,1.0135498,-0.060424805,-0.02709961,0.122070305,0.061035153,0.18310545,-0.41190335,-0.55205077,0.45813245,-0.56185555,61.0,68.0,78.0,82.0
2026:07:03_17:28:46.209,1783092526209,2278,LT,73:5A:BC:29:A9:13,1.0123291,-0.060058594,-0.026977539,0.3662109,-0.3662109,0.18310545,-0.41245455,-0.5516795,0.45751825,-0.5623162,62.0,68.0,78.0,81.0
2026:07:03_17:28:46.210,1783092526210,2293,LT,73:5A:BC:29:A9:13,1.0083008,-0.05859375,-0.030639648,0.3662109,-0.3662109,0.18310545,-0.4122547,-0.55246514,0.45770365,-0.5615404,61.0,69.0,80.0,83.0
2026:07:03_17:28:46.211,1783092526211,2308,LT,73:5A:BC:29:A9:13,1.0070801,-0.0579834,-0.03149414,0.3662109,0.0,0.061035153,-0.41213116,-0.5533901,0.45781535,-0.56062853,61.0,69.0,80.0,82.0
2026:07:03_17:28:46.249,1783092526249,2325,LT,73:5A:BC:29:A9:13,1.0084229,-0.05895996,-0.032470703,0.30517578,0.30517578,-0.061035153,-0.41088235,-0.5530014,0.45894912,-0.56100136,59.0,68.0,78.0,81.0
2026:07:03_17:28:46.249,1783092526249,2344,LT,73:5A:BC:29:A9:13,1.0148926,-0.05822754,-0.03125,0.3662109,0.24414061,0.122070305,-0.41177133,-0.5530897,0.4580427,-0.56100315,60.0,66.0,80.0,82.0
2026:07:03_17:28:46.251,1783092526251,2362,LT,73:5A:BC:29:A9:13,1.015625,-0.057739258,-0.030395508,0.3662109,0.122070305,0.18310545,-0.4125372,-0.5530518,0.4572501,-0.5611243,62.0,68.0,78.0,80.0
2026:07:03_17:28:46.293,1783092526293,2373,LT,73:5A:BC:29:A9:13,1.010376,-0.056030273,-0.029296875,0.48828122,-0.061035153,0.122070305,-0.41347256,-0.5531961,0.4562738,-0.56108844,61.0,67.0,78.0,82.0
2026:07:03_17:28:46.294,1783092526294,2393,LT,73:5A:BC:29:A9:13,1.0112305,-0.05456543,-0.030029297,0.67138666,0.0,0.061035153,-0.41330472,-0.55413294,0.45637414,-0.5602058,61.0,68.0,80.0,82.0
2026:07:03_17:28:46.297,1783092526297,2405,LT,73:5A:BC:29:A9:13,1.0114746,-0.053955078,-0.032714844,0.8544921,0.0,0.061035153,-0.41282344,-0.5547248,0.4567535,-0.5596654,63.0,69.0,79.0,82.0
2026:07:03_17:28:46.338,1783092526338,2420,LT,73:5A:BC:29:A9:13,1.0102539,-0.05456543,-0.03491211,0.97656244,-0.061035153,0.0,-0.41207424,-0.55518126,0.4573557,-0.5592731,61.0,68.0,78.0,82.0
2026:07:03_17:28:46.339,1783092526339,2435,LT,73:5A:BC:29:A9:13,1.008667,-0.057128906,-0.033203125,0.9155273,-0.061035153,-0.061035153,-0.41176826,-0.55438805,0.4574757,-0.560186,62.0,68.0,79.0,82.0
2026:07:03_17:28:46.382,1783092526382,2450,LT,73:5A:BC:29:A9:13,1.0087891,-0.05834961,-0.03137207,0.7324218,0.24414061,-0.122070305,-0.41171768,-0.5536221,0.4573783,-0.5610593,61.0,68.0,80.0,81.0
2026:07:03_17:28:46.383,1783092526383,2464,LT,73:5A:BC:29:A9:13,1.0111084,-0.060791016,-0.029907227,0.7324218,0.3662109,-0.061035153,-0.4113922,-0.5527477,0.45753634,-0.56203055,61.0,69.0,79.0,81.0
2026:07:03_17:28:46.387,1783092526387,2480,LT,73:5A:BC:29:A9:13,1.012207,-0.060791016,-0.030273438,0.9155273,0.24414061,0.24414061,-0.41039333,-0.5523364,0.4583554,-0.56249774,62.0,68.0,79.0,81.0
2026:07:03_17:28:46.390,1783092526390,2494,LT,73:5A:BC:29:A9:13,1.0117188,-0.0579834,-0.029541016,0.9155273,0.061035153,0.3662109,-0.41099364,-0.5526636,0.45770106,-0.5622707,64.0,69.0,78.0,82.0
2026:07:03_17:28:46.472,1783092526472,2505,LT,73:5A:BC:29:A9:13,1.0102539,-0.057617188,-0.03137207,0.8544921,-0.122070305,0.24414061,-0.41149917,-0.5535272,0.45713788,-0.5615092,63.0,68.0,79.0,80.0
2026:07:03_17:28:46.476,1783092526476,2537,LT,73:5A:BC:29:A9:13,1.0079346,-0.061523438,-0.03552246,-0.42724606,0.24414061,0.18310545,-0.40981334,-0.55399185,0.4587797,-0.56094474,62.0,68.0,78.0,82.0
2026:07:03_17:28:46.475,1783092526475,2524,LT,73:5A:BC:29:A9:13,1.0083008,-0.060913086,-0.036254883,0.48828122,0.0,0.24414061,-0.41060346,-0.55392647,0.4579471,-0.56111205,62.0,67.0,78.0,81.0
2026:07:03_17:28:46.516,1783092526516,2581,LT,73:5A:BC:29:A9:13,1.0109863,-0.053588867,-0.03173828,-0.5493164,0.67138666,-0.061035153,-0.41276604,-0.5546254,0.45621523,-0.56024456,61.0,69.0,80.0,81.0
2026:07:03_17:28:46.519,1783092526519,2613,LT,73:5A:BC:29:A9:13,1.0136719,-0.048706055,-0.03112793,0.061035153,0.30517578,-0.30517578,-0.4146019,-0.5556093,0.45446792,-0.5593334,57.0,67.0,79.0,82.0
2026:07:03_17:28:46.525,1783092526525,2624,LT,73:5A:BC:29:A9:13,1.0135498,-0.049926758,-0.032714844,0.42724606,0.061035153,-0.18310545,-0.41377187,-0.55577934,0.45522025,-0.55916774,60.0,67.0,80.0,81.0
2026:07:03_17:28:46.562,1783092526562,2639,LT,73:5A:BC:29:A9:13,1.012085,-0.05053711,-0.032348633,0.3662109,0.061035153,-0.122070305,-0.4133128,-0.55497426,0.4555737,-0.56001806,61.0,67.0,78.0,79.0
2026:07:03_17:28:46.562,1783092526562,2652,LT,73:5A:BC:29:A9:13,1.0089111,-0.049804688,-0.032958984,0.0,0.122070305,-0.122070305,-0.41367367,-0.55594456,0.45527306,-0.559033,60.0,66.0,78.0,80.0
2026:07:03_17:28:46.564,1783092526564,2669,LT,73:5A:BC:29:A9:13,1.0095215,-0.050048828,-0.033447266,-0.122070305,0.24414061,-0.122070305,-0.41284043,-0.55596215,0.45609936,-0.55895805,61.0,68.0,77.0,81.0
2026:07:03_17:28:46.566,1783092526566,2684,LT,73:5A:BC:29:A9:13,1.0113525,-0.049682617,-0.033325195,-0.24414061,0.30517578,-0.18310545,-0.41378322,-0.55597574,0.4552228,-0.5589615,62.0,69.0,79.0,81.0
2026:07:03_17:28:46.608,1783092526608,2698,LT,73:5A:BC:29:A9:13,1.0123291,-0.049072266,-0.032714844,-0.18310545,0.30517578,-0.3662109,-0.41471887,-0.5558731,0.45433784,-0.5590903,61.0,68.0,77.0,80.0
2026:07:03_17:28:46.609,1783092526609,2713,LT,73:5A:BC:29:A9:13,1.0123291,-0.05078125,-0.029296875,0.0,0.24414061,-0.3662109,-0.41442057,-0.55502576,0.45458677,-0.5599501,61.0,68.0,79.0,82.0
2026:07:03_17:28:46.652,1783092526652,2728,LT,73:5A:BC:29:A9:13,1.0128174,-0.05078125,-0.028808594,0.24414061,0.122070305,-0.24414061,-0.41430962,-0.55422235,0.45461988,-0.5608006,61.0,68.0,79.0,80.0
2026:07:03_17:28:46.654,1783092526654,2742,LT,73:5A:BC:29:A9:13,1.0130615,-0.049438477,-0.030517578,0.24414061,0.061035153,-0.18310545,-0.41434735,-0.5550673,0.45458955,-0.5599615,60.0,68.0,79.0,81.0
2026:07:03_17:28:46.655,1783092526655,2757,LT,73:5A:BC:29:A9:13,1.0113525,-0.047973633,-0.030029297,0.42724606,0.0,0.0,-0.41508582,-0.5557761,0.45384592,-0.5593139,63.0,67.0,78.0,82.0
2026:07:03_17:28:46.701,1783092526701,2771,LT,73:5A:BC:29:A9:13,1.0083008,-0.047851562,-0.029052734,0.5493164,0.061035153,0.122070305,-0.4148585,-0.5549563,0.453951,-0.56021065,62.0,68.0,79.0,80.0
2026:07:03_17:28:46.703,1783092526703,2786,LT,73:5A:BC:29:A9:13,1.0092773,-0.049682617,-0.029663086,0.61035156,0.061035153,0.30517578,-0.41403365,-0.55513024,0.45467943,-0.5600578,61.0,68.0,79.0,81.0
2026:07:03_17:28:46.704,1783092526704,2801,LT,73:5A:BC:29:A9:13,1.0108643,-0.052001953,-0.03100586,0.61035156,0.122070305,0.42724606,-0.41300726,-0.5548927,0.45557866,-0.56032026,62.0,67.0,78.0,82.0
2026:07:03_17:28:46.704,1783092526704,2815,LT,73:5A:BC:29:A9:13,1.0123291,-0.056518555,-0.03173828,0.7324218,0.122070305,0.42724606,-0.41185114,-0.55423856,0.45654476,-0.5610315,62.0,66.0,78.0,81.0
2026:07:03_17:28:46.741,1783092526741,2832,LT,73:5A:BC:29:A9:13,1.0118408,-0.05871582,-0.029541016,1.159668,-0.122070305,0.18310545,-0.4115695,-0.5533575,0.45657846,-0.56207955,60.0,68.0,80.0,81.0
2026:07:03_17:28:46.744,1783092526744,2849,LT,73:5A:BC:29:A9:13,1.0111084,-0.05871582,-0.030517578,1.3427733,-0.18310545,0.061035153,-0.41089976,-0.5538849,0.45706645,-0.5616538,60.0,67.0,79.0,82.0
2026:07:03_17:28:46.794,1783092526794,2864,LT,73:5A:BC:29:A9:13,1.0090332,-0.060180664,-0.03137207,1.4038085,-0.122070305,0.0,-0.4101867,-0.5531596,0.45751473,-0.5625237,62.0,67.0,79.0,81.0
2026:07:03_17:28:46.795,1783092526795,2893,LT,73:5A:BC:29:A9:13,1.010498,-0.06225586,-0.036132812,1.0986328,0.18310545,0.061035153,-0.40915823,-0.5543091,0.45826045,-0.5615337,62.0,67.0,78.0,82.0
2026:07:03_17:28:46.795,1783092526795,2878,LT,73:5A:BC:29:A9:13,1.0087891,-0.061157227,-0.032348633,1.159668,0.0,0.0,-0.4098617,-0.55391616,0.4577072,-0.5618597,62.0,68.0,79.0,80.0
2026:07:03_17:28:46.831,1783092526831,2907,LT,73:5A:BC:29:A9:13,1.0117188,-0.061645508,-0.037841797,0.793457,0.48828122,0.18310545,-0.40875125,-0.554886,0.45858377,-0.56099635,62.0,67.0,79.0,81.0
2026:07:03_17:28:46.833,1783092526833,2922,LT,73:5A:BC:29:A9:13,1.0107422,-0.060668945,-0.037109375,0.5493164,0.42724606,0.24414061,-0.40946826,-0.55573255,0.45786014,-0.56022567,61.0,68.0,80.0,82.0
2026:07:03_17:28:46.842,1783092526842,2938,LT,73:5A:BC:29:A9:13,1.0096436,-0.060424805,-0.036010742,0.18310545,0.3662109,0.122070305,-0.40921426,-0.5548771,0.45803288,-0.5611172,62.0,68.0,78.0,82.0
2026:07:03_17:28:46.843,1783092526843,2952,LT,73:5A:BC:29:A9:13,1.0109863,-0.059936523,-0.031982422,0.122070305,0.42724606,0.061035153,-0.40960917,-0.5545356,0.45762077,-0.56150264,62.0,68.0,78.0,81.0
2026:07:03_17:28:46.878,1783092526878,2963,LT,73:5A:BC:29:A9:13,1.0119629,-0.05895996,-0.030273438,0.24414061,0.30517578,-0.122070305,-0.41030523,-0.5541362,0.45688704,-0.5619862,62.0,69.0,78.0,81.0
2026:07:03_17:28:46.878,1783092526878,2983,LT,73:5A:BC:29:A9:13,1.0109863,-0.056396484,-0.03186035,0.24414061,0.30517578,-0.122070305,-0.41135776,-0.554845,0.45586687,-0.5613454,62.0,68.0,79.0,82.0
2026:07:03_17:28:46.881,1783092526881,2995,LT,73:5A:BC:29:A9:13,1.010376,-0.05480957,-0.033813477,0.30517578,0.3662109,-0.18310545,-0.4112675,-0.55573386,0.45595443,-0.5604609,60.0,68.0,79.0,80.0
2026:07:03_17:28:46.923,1783092526923,3013,LT,73:5A:BC:29:A9:13,1.0090332,-0.052124023,-0.033203125,0.5493164,0.24414061,-0.122070305,-0.41239813,-0.5562599,0.4547925,-0.5600517,60.0,67.0,80.0,82.0
2026:07:03_17:28:46.925,1783092526925,3030,LT,73:5A:BC:29:A9:13,1.0096436,-0.051757812,-0.032104492,0.61035156,0.18310545,-0.122070305,-0.41238803,-0.55548894,0.45467532,-0.56091875,61.0,67.0,80.0,81.0
2026:07:03_17:28:46.967,1783092526967,3045,LT,73:5A:BC:29:A9:13,1.0107422,-0.052734375,-0.036132812,0.61035156,0.18310545,-0.061035153,-0.4118811,-0.55607724,0.45510823,-0.56035745,62.0,67.0,77.0,80.0
2026:07:03_17:28:46.973,1783092526973,3075,LT,73:5A:BC:29:A9:13,1.0102539,-0.05419922,-0.034301758,0.5493164,0.30517578,0.061035153,-0.41096264,-0.5557236,0.45581862,-0.56080467,62.0,67.0,79.0,81.0
2026:07:03_17:28:46.972,1783092526972,3060,LT,73:5A:BC:29:A9:13,1.0109863,-0.053466797,-0.037719727,0.61035156,0.24414061,0.061035153,-0.41130847,-0.55655605,0.45560315,-0.5599004,61.0,68.0,80.0,81.0
2026:07:03_17:28:47.012,1783092527012,3100,LT,73:5A:BC:29:A9:13,1.0092773,-0.05419922,-0.032104492,0.24414061,0.3662109,0.42724606,-0.41151515,-0.5547991,0.45516962,-0.56184083,62.0,69.0,78.0,81.0
2026:07:03_17:28:47.014,1783092527014,3115,LT,73:5A:BC:29:A9:13,1.0107422,-0.053833008,-0.03137207,-0.122070305,0.42724606,0.3662109,-0.41188216,-0.55559194,0.4548785,-0.56102407,63.0,70.0,79.0,81.0
2026:07:03_17:28:47.016,1783092527016,3129,LT,73:5A:BC:29:A9:13,1.0131836,-0.052612305,-0.033203125,-0.061035153,0.30517578,0.24414061,-0.41180634,-0.5562946,0.4550006,-0.560284,62.0,68.0,78.0,82.0
2026:07:03_17:28:47.057,1783092527057,3142,LT,73:5A:BC:29:A9:13,1.013794,-0.052856445,-0.036743164,0.18310545,0.122070305,0.18310545,-0.41125932,-0.55681187,0.4555314,-0.5597404,61.0,68.0,79.0,80.0
2026:07:03_17:28:47.073,1783092527073,3158,LT,73:5A:BC:29:A9:13,1.0074463,-0.055908203,-0.040527344,0.8544921,0.0,-0.18310545,-0.410276,-0.55715024,0.45635003,-0.55945855,61.0,68.0,79.0,82.0
2026:07:03_17:28:47.074,1783092527074,3175,LT,73:5A:BC:29:A9:13,1.0075684,-0.05493164,-0.03857422,1.0375977,0.122070305,-0.30517578,-0.40935957,-0.5572516,0.45708984,-0.5594249,61.0,68.0,78.0,82.0
2026:07:03_17:28:47.104,1783092527104,3190,LT,73:5A:BC:29:A9:13,1.010376,-0.053100586,-0.03515625,0.61035156,0.3662109,-0.3662109,-0.4102468,-0.55701023,0.45612016,-0.5598063,61.0,68.0,78.0,81.0
2026:07:03_17:28:47.105,1783092527105,3207,LT,73:5A:BC:29:A9:13,1.0124512,-0.05529785,-0.032592773,0.48828122,0.30517578,-0.122070305,-0.41056463,-0.5563806,0.45571038,-0.56053257,62.0,67.0,78.0,81.0
2026:07:03_17:28:47.106,1783092527106,3222,LT,73:5A:BC:29:A9:13,1.0097656,-0.056640625,-0.0345459,0.42724606,0.18310545,-0.061035153,-0.4098296,-0.55564487,0.45632136,-0.56130266,62.0,69.0,79.0,82.0
2026:07:03_17:28:47.157,1783092527157,3236,LT,73:5A:BC:29:A9:13,1.008667,-0.05529785,-0.037475586,0.18310545,0.122070305,-0.18310545,-0.40980512,-0.55655444,0.4563663,-0.5603825,62.0,68.0,79.0,83.0
2026:07:03_17:28:47.158,1783092527158,3253,LT,73:5A:BC:29:A9:13,1.0092773,-0.053710938,-0.03967285,0.0,0.18310545,-0.24414061,-0.40981203,-0.55710465,0.45639002,-0.5598111,63.0,69.0,78.0,83.0
2026:07:03_17:28:47.159,1783092527159,3264,LT,73:5A:BC:29:A9:13,1.0106201,-0.05432129,-0.03894043,-0.42724606,0.42724606,-0.24414061,-0.40983856,-0.5578375,0.4564669,-0.5589985,62.0,68.0,79.0,81.0
2026:07:03_17:28:47.192,1783092527192,3279,LT,73:5A:BC:29:A9:13,1.0112305,-0.05419922,-0.038085938,-0.7324218,0.48828122,-0.18310545,-0.410225,-0.5570807,0.45616537,-0.5597152,62.0,67.0,79.0,81.0
2026:07:03_17:28:47.194,1783092527194,3293,LT,73:5A:BC:29:A9:13,1.012085,-0.049804688,-0.034423828,-0.97656244,0.67138666,-0.122070305,-0.41144797,-0.5570882,0.45515376,-0.5596337,62.0,69.0,79.0,81.0
2026:07:03_17:28:47.196,1783092527196,3310,LT,73:5A:BC:29:A9:13,1.0124512,-0.048095703,-0.032592773,-0.8544921,0.61035156,-0.061035153,-0.4124375,-0.55701035,0.45431837,-0.5596615,62.0,67.0,79.0,82.0
2026:07:03_17:28:47.237,1783092527237,3325,LT,73:5A:BC:29:A9:13,1.0119629,-0.047607422,-0.03125,-0.122070305,0.3662109,-0.061035153,-0.4133803,-0.5568094,0.4534168,-0.55989707,61.0,68.0,79.0,82.0
2026:07:03_17:28:47.238,1783092527238,3341,LT,73:5A:BC:29:A9:13,1.0119629,-0.048461914,-0.032226562,0.18310545,0.24414061,0.0,-0.41260883,-0.55697525,0.45414892,-0.55970806,61.0,67.0,78.0,80.0
2026:07:03_17:28:47.240,1783092527240,3356,LT,73:5A:BC:29:A9:13,1.0112305,-0.04724121,-0.032348633,0.24414061,0.0,-0.122070305,-0.41354072,-0.5572148,0.4532218,-0.559533,62.0,68.0,78.0,80.0
2026:07:03_17:28:47.284,1783092527284,3370,LT,73:5A:BC:29:A9:13,1.0096436,-0.048217773,-0.032348633,0.24414061,0.0,-0.24414061,-0.4126567,-0.5567365,0.45402128,-0.5600134,62.0,68.0,78.0,81.0
2026:07:03_17:28:47.288,1783092527288,3388,LT,73:5A:BC:29:A9:13,1.0097656,-0.051757812,-0.03491211,0.18310545,0.24414061,-0.3662109,-0.41168147,-0.55689645,0.45494232,-0.5598252,59.0,67.0,79.0,82.0
2026:07:03_17:28:47.291,1783092527291,3403,LT,73:5A:BC:29:A9:13,1.0140381,-0.049682617,-0.03466797,0.24414061,0.18310545,-0.18310545,-0.41253912,-0.55749846,0.4541083,-0.55927086,62.0,69.0,78.0,82.0
2026:07:03_17:28:47.327,1783092527327,3416,LT,73:5A:BC:29:A9:13,1.0123291,-0.05041504,-0.03466797,0.24414061,0.122070305,-0.18310545,-0.4115215,-0.5568596,0.45502126,-0.5599146,61.0,67.0,79.0,82.0
2026:07:03_17:28:47.329,1783092527329,3433,LT,73:5A:BC:29:A9:13,1.0106201,-0.051757812,-0.03527832,0.30517578,0.061035153,-0.24414061,-0.411203,-0.55751854,0.45531878,-0.55925125,60.0,68.0,78.0,81.0
2026:07:03_17:28:47.332,1783092527332,3448,LT,73:5A:BC:29:A9:13,1.0102539,-0.052124023,-0.03527832,0.5493164,0.122070305,-0.3662109,-0.41132623,-0.5568207,0.45508438,-0.56004554,61.0,68.0,79.0,79.0
2026:07:03_17:28:47.373,1783092527373,3462,LT,73:5A:BC:29:A9:13,1.0125732,-0.049194336,-0.036376953,0.9155273,0.0,-0.42724606,-0.4118194,-0.55792457,0.4545035,-0.55905575,62.0,68.0,79.0,82.0
2026:07:03_17:28:47.381,1783092527381,3480,LT,73:5A:BC:29:A9:13,1.0124512,-0.04699707,-0.037231445,1.0986328,0.0,-0.48828122,-0.4122639,-0.55883867,0.45395994,-0.55825603,61.0,68.0,78.0,82.0
2026:07:03_17:28:47.418,1783092527418,3494,LT,73:5A:BC:29:A9:13,1.0128174,-0.04663086,-0.036376953,1.3427733,0.0,-0.48828122,-0.41273838,-0.55842054,0.45328057,-0.5588755,61.0,68.0,78.0,81.0
2026:07:03_17:28:47.419,1783092527419,3510,LT,73:5A:BC:29:A9:13,1.0126953,-0.046875,-0.03515625,1.8310546,-0.061035153,-0.7324218,-0.41171843,-0.55801666,0.4539743,-0.5594678,62.0,68.0,79.0,81.0
2026:07:03_17:28:47.422,1783092527422,3525,LT,73:5A:BC:29:A9:13,1.0115967,-0.050048828,-0.036621094,2.1972656,-0.18310545,-0.793457,-0.41082412,-0.55837166,0.45453906,-0.5593126,62.0,69.0,79.0,82.0
2026:07:03_17:28:47.462,1783092527462,3550,LT,73:5A:BC:29:A9:13,1.0117188,-0.053710938,-0.03540039,2.868652,-0.24414061,-0.9155273,-0.40993193,-0.55736643,0.45460933,-0.5609103,62.0,70.0,79.0,81.0
2026:07:03_17:28:47.463,1783092527463,3570,LT,73:5A:BC:29:A9:13,1.012085,-0.052368164,-0.036376953,2.6245115,-0.30517578,-1.159668,-0.41001236,-0.55861914,0.454144,-0.55998176,61.0,68.0,78.0,81.0
2026:07:03_17:28:47.465,1783092527465,3582,LT,73:5A:BC:29:A9:13,1.0113525,-0.051635742,-0.03930664,2.6245115,-0.30517578,-1.2817382,-0.40936452,-0.5593047,0.4544275,-0.55954134,61.0,67.0,79.0,83.0
2026:07:03_17:28:47.508,1783092527508,3597,LT,73:5A:BC:29:A9:13,1.0101318,-0.05407715,-0.040527344,2.7465818,-0.3662109,-1.3427733,-0.40816525,-0.5593504,0.45513356,-0.55979747,60.0,67.0,80.0,81.0
2026:07:03_17:28:47.508,1783092527508,3613,LT,73:5A:BC:29:A9:13,1.010498,-0.055786133,-0.03894043,2.807617,-0.42724606,-1.2817382,-0.407764,-0.55875695,0.45507547,-0.56072897,60.0,67.0,79.0,81.0
2026:07:03_17:28:47.511,1783092527511,3628,LT,73:5A:BC:29:A9:13,1.012207,-0.056762695,-0.037841797,2.868652,-0.48828122,-1.0375977,-0.40748128,-0.55818367,0.4549001,-0.56164706,61.0,68.0,79.0,82.0
2026:07:03_17:28:47.552,1783092527552,3642,LT,73:5A:BC:29:A9:13,1.0119629,-0.05847168,-0.037353516,2.319336,-0.61035156,-0.97656244,-0.406392,-0.5575764,0.4555022,-0.56255066,61.0,67.0,80.0,82.0
2026:07:03_17:28:47.554,1783092527554,3660,LT,73:5A:BC:29:A9:13,1.0100098,-0.059692383,-0.037841797,1.9531249,-0.5493164,-1.0375977,-0.40615454,-0.55870944,0.4554501,-0.56163996,61.0,68.0,80.0,81.0
2026:07:03_17:28:47.599,1783092527599,3693,LT,73:5A:BC:29:A9:13,1.0089111,-0.057373047,-0.038085938,1.0375977,-0.30517578,-1.3427733,-0.40685114,-0.558936,0.45443296,-0.5617339,61.0,68.0,79.0,81.0
2026:07:03_17:28:47.597,1783092527597,3677,LT,73:5A:BC:29:A9:13,1.0068359,-0.059570312,-0.037841797,1.2207031,-0.3662109,-1.2817382,-0.40612185,-0.55803406,0.45524257,-0.5625022,60.0,68.0,80.0,81.0
2026:07:03_17:28:47.601,1783092527601,3707,LT,73:5A:BC:29:A9:13,1.010498,-0.056396484,-0.036621094,0.793457,-0.24414061,-1.2817382,-0.4073261,-0.55852604,0.45382926,-0.5622851,62.0,68.0,79.0,81.0
2026:07:03_17:28:47.642,1783092527642,3738,LT,73:5A:BC:29:A9:13,1.0112305,-0.053222656,-0.033935547,0.48828122,-0.3662109,-1.159668,-0.40893626,-0.5586808,0.45213318,-0.562329,61.0,68.0,78.0,81.0
2026:07:03_17:28:47.641,1783092527641,3722,LT,73:5A:BC:29:A9:13,1.0112305,-0.05407715,-0.034057617,0.5493164,-0.24414061,-1.2207031,-0.40792745,-0.55851954,0.45318675,-0.5623739,63.0,68.0,79.0,82.0
2026:07:03_17:28:47.645,1783092527645,3749,LT,73:5A:BC:29:A9:13,1.0129395,-0.053100586,-0.032470703,0.61035156,-0.3662109,-1.159668,-0.40897664,-0.5580237,0.45196423,-0.56308746,62.0,68.0,79.0,80.0
2026:07:03_17:28:47.646,1783092527646,3763,LT,73:5A:BC:29:A9:13,1.0180664,-0.05041504,-0.029907227,0.7324218,-0.5493164,-1.2817382,-0.4099021,-0.5582732,0.4509639,-0.5629692,62.0,69.0,79.0,80.0
2026:07:03_17:28:47.686,1783092527686,3777,LT,73:5A:BC:29:A9:13,1.0152588,-0.045288086,-0.028808594,1.0986328,-0.67138666,-1.3427733,-0.41098467,-0.5589009,0.44974637,-0.56253093,61.0,68.0,78.0,81.0
2026:07:03_17:28:47.689,1783092527689,3794,LT,73:5A:BC:29:A9:13,1.0118408,-0.043945312,-0.030883789,1.7089843,-0.8544921,-1.4038085,-0.41145143,-0.5599368,0.44908825,-0.56168497,61.0,68.0,79.0,81.0
2026:07:03_17:28:47.733,1783092527733,3809,LT,73:5A:BC:29:A9:13,1.0091553,-0.04345703,-0.034179688,2.9907224,-1.3427733,-1.2817382,-0.41094813,-0.56090313,0.4491801,-0.5610155,62.0,68.0,76.0,82.0
2026:07:03_17:28:47.737,1783092527737,3823,LT,73:5A:BC:29:A9:13,1.0054932,-0.048461914,-0.033935547,3.2958982,-1.3427733,-1.2207031,-0.40976593,-0.5607642,0.44982177,-0.5615044,62.0,68.0,79.0,81.0
2026:07:03_17:28:47.739,1783092527739,3838,LT,73:5A:BC:29:A9:13,1.0045166,-0.05505371,-0.03186035,2.6855466,-1.0375977,-0.9155273,-0.4089156,-0.56027406,0.4502359,-0.562281,63.0,69.0,78.0,81.0
2026:07:03_17:28:47.777,1783092527777,3852,LT,73:5A:BC:29:A9:13,1.0083008,-0.06201172,-0.036621094,2.0751953,-0.793457,-0.7324218,-0.40785626,-0.5600496,0.45095098,-0.5627011,62.0,68.0,78.0,83.0
2026:07:03_17:28:47.777,1783092527777,3867,LT,73:5A:BC:29:A9:13,1.0096436,-0.06274414,-0.03881836,1.586914,-0.42724606,-0.42724606,-0.40667656,-0.55987406,0.45182484,-0.5630285,62.0,67.0,80.0,81.0
2026:07:03_17:28:47.784,1783092527784,3883,LT,73:5A:BC:29:A9:13,1.0097656,-0.06774902,-0.033813477,1.2817382,-0.42724606,-0.30517578,-0.4058424,-0.55927,0.45241278,-0.563758,62.0,68.0,79.0,82.0
2026:07:03_17:28:47.784,1783092527784,3897,LT,73:5A:BC:29:A9:13,1.0097656,-0.07128906,-0.030517578,0.122070305,-0.42724606,-0.18310545,-0.4054192,-0.5587323,0.45277604,-0.5643037,63.0,69.0,78.0,81.0
2026:07:03_17:28:47.825,1783092527825,3927,LT,73:5A:BC:29:A9:13,1.0074463,-0.07287598,-0.03161621,-1.2207031,-0.30517578,-0.5493164,-0.40415785,-0.55692875,0.45415738,-0.56587917,62.0,68.0,79.0,82.0
2026:07:03_17:28:47.824,1783092527824,3908,LT,73:5A:BC:29:A9:13,1.0096436,-0.07324219,-0.028564453,-0.42724606,-0.42724606,-0.24414061,-0.40490547,-0.5578645,0.45328265,-0.56512374,63.0,69.0,79.0,82.0
2026:07:03_17:28:47.833,1783092527833,3941,LT,73:5A:BC:29:A9:13,1.0089111,-0.06750488,-0.034301758,-1.8920897,-0.30517578,-0.67138666,-0.4032092,-0.55650187,0.45536876,-0.5660028,61.0,67.0,79.0,80.0
2026:07:03_17:28:47.876,1783092527876,3958,LT,73:5A:BC:29:A9:13,1.0075684,-0.064086914,-0.028564453,-2.868652,0.061035153,-0.61035156,-0.40438318,-0.556021,0.45469856,-0.5661765,60.0,67.0,78.0,80.0
2026:07:03_17:28:47.878,1783092527878,3976,LT,73:5A:BC:29:A9:13,1.0076904,-0.0625,-0.027709961,-3.1127927,0.30517578,-0.48828122,-0.405439,-0.55567986,0.45410052,-0.56623614,62.0,68.0,77.0,80.0
2026:07:03_17:28:47.912,1783092527912,3991,LT,73:5A:BC:29:A9:13,1.012207,-0.05834961,-0.02331543,-3.2958982,0.3662109,-0.42724606,-0.40660945,-0.55535585,0.4534484,-0.5662372,62.0,69.0,79.0,81.0
2026:07:03_17:28:47.914,1783092527914,4006,LT,73:5A:BC:29:A9:13,1.0135498,-0.056640625,-0.020874023,-2.868652,0.3662109,-0.18310545,-0.40766466,-0.55502355,0.45282415,-0.5663041,61.0,68.0,77.0,82.0
2026:07:03_17:28:47.917,1783092527917,4021,LT,73:5A:BC:29:A9:13,1.0125732,-0.05529785,-0.01928711,-2.4414062,0.18310545,-0.122070305,-0.4086312,-0.55473405,0.45220855,-0.56638294,62.0,68.0,78.0,81.0
2026:07:03_17:28:47.957,1783092527957,4035,LT,73:5A:BC:29:A9:13,1.0125732,-0.052001953,-0.020874023,-1.586914,-0.42724606,-0.122070305,-0.40970978,-0.5548931,0.4513971,-0.56609505,61.0,67.0,78.0,80.0
2026:07:03_17:28:47.962,1783092527962,4051,LT,73:5A:BC:29:A9:13,1.0106201,-0.053222656,-0.024658203,-1.4038085,-0.67138666,-0.18310545,-0.4104203,-0.55568033,0.45094222,-0.5651702,62.0,68.0,78.0,81.0
2026:07:03_17:28:47.963,1783092527963,4065,LT,73:5A:BC:29:A9:13,1.0089111,-0.056396484,-0.028808594,-1.586914,-0.61035156,-0.48828122,-0.41000864,-0.5558856,0.45151103,-0.564813,63.0,68.0,78.0,80.0
2026:07:03_17:28:48.002,1783092528002,4091,LT,73:5A:BC:29:A9:13,1.0133057,-0.053833008,-0.03149414,-1.5258788,0.061035153,-0.7324218,-0.40955266,-0.5568464,0.4524336,-0.56345755,62.0,69.0,77.0,81.0
2026:07:03_17:28:48.003,1783092528003,4103,LT,73:5A:BC:29:A9:13,1.0133057,-0.052124023,-0.029418945,-1.159668,0.48828122,-0.7324218,-0.4106521,-0.55722165,0.45155013,-0.5629945,62.0,68.0,78.0,82.0
2026:07:03_17:28:48.006,1783092528006,4118,LT,73:5A:BC:29:A9:13,1.0133057,-0.051635742,-0.028442383,-0.97656244,0.48828122,-0.7324218,-0.41117692,-0.55657196,0.4511464,-0.56357753,61.0,70.0,78.0,81.0
2026:07:03_17:28:48.091,1783092528091,4133,LT,73:5A:BC:29:A9:13,1.0130615,-0.052612305,-0.030273438,-0.7324218,0.3662109,-0.7324218,-0.41065684,-0.5569789,0.451786,-0.5630423,61.0,68.0,79.0,80.0
2026:07:03_17:28:48.094,1783092528094,4148,LT,73:5A:BC:29:A9:13,1.0128174,-0.053955078,-0.03100586,-0.30517578,0.18310545,-0.67138666,-0.4097285,-0.5570952,0.45274606,-0.5628324,59.0,69.0,79.0,81.0
2026:07:03_17:28:48.102,1783092528102,4166,LT,73:5A:BC:29:A9:13,1.0112305,-0.055908203,-0.029174805,-0.122070305,-0.061035153,-0.5493164,-0.40960094,-0.5563078,0.4528416,-0.5636262,61.0,67.0,78.0,79.0
2026:07:03_17:28:48.136,1783092528136,4180,LT,73:5A:BC:29:A9:13,1.0084229,-0.056884766,-0.036132812,0.0,-0.18310545,-0.5493164,-0.40906549,-0.5567947,0.4533852,-0.5630975,62.0,67.0,79.0,81.0
2026:07:03_17:28:48.137,1783092528137,4220,LT,73:5A:BC:29:A9:13,1.0076904,-0.059692383,-0.03552246,-0.5493164,0.18310545,-0.793457,-0.40700632,-0.5569459,0.45547807,-0.56275094,63.0,69.0,78.0,81.0
2026:07:03_17:28:48.139,1783092528139,4235,LT,73:5A:BC:29:A9:13,1.0107422,-0.05883789,-0.033203125,-0.5493164,0.24414061,-0.793457,-0.40796396,-0.556559,0.4546206,-0.5631331,62.0,67.0,79.0,81.0
2026:07:03_17:28:48.141,1783092528141,4252,LT,73:5A:BC:29:A9:13,1.0114746,-0.05834961,-0.032226562,-0.5493164,0.30517578,-0.7324218,-0.4086752,-0.5561592,0.45398402,-0.56352603,61.0,67.0,80.0,81.0
2026:07:03_17:28:48.182,1783092528182,4267,LT,73:5A:BC:29:A9:13,1.0113525,-0.0579834,-0.030883789,-0.61035156,0.24414061,-0.5493164,-0.4090122,-0.55539745,0.4537049,-0.564257,62.0,68.0,80.0,82.0
2026:07:03_17:28:48.184,1783092528184,4282,LT,73:5A:BC:29:A9:13,1.0128174,-0.056396484,-0.029296875,-0.3662109,-0.061035153,-0.30517578,-0.40999752,-0.5562788,0.4528573,-0.563354,61.0,68.0,80.0,81.0
2026:07:03_17:28:48.186,1783092528186,4300,LT,73:5A:BC:29:A9:13,1.0095215,-0.059326172,-0.02734375,-0.24414061,-0.18310545,-0.18310545,-0.40953597,-0.55545634,0.4532935,-0.5641498,61.0,67.0,79.0,81.0
2026:07:03_17:28:48.228,1783092528228,4314,LT,73:5A:BC:29:A9:13,1.0085449,-0.060180664,-0.026367188,0.061035153,-0.24414061,-0.18310545,-0.4091584,-0.5545671,0.4535977,-0.56505334,61.0,67.0,79.0,82.0
2026:07:03_17:28:48.233,1783092528233,4341,LT,73:5A:BC:29:A9:13,1.0133057,-0.057617188,-0.024780273,0.67138666,-0.18310545,-0.7324218,-0.41039875,-0.5543828,0.45224226,-0.5654211,62.0,69.0,78.0,82.0
2026:07:03_17:28:48.232,1783092528232,4330,LT,73:5A:BC:29:A9:13,1.0102539,-0.05871582,-0.026489258,0.30517578,-0.122070305,-0.30517578,-0.40981588,-0.55472565,0.4529329,-0.5649545,63.0,69.0,78.0,81.0
2026:07:03_17:28:48.274,1783092528274,4356,LT,73:5A:BC:29:A9:13,1.0155029,-0.057250977,-0.02355957,0.97656244,-0.3662109,-0.8544921,-0.4109371,-0.5540227,0.4515422,-0.56594235,63.0,68.0,78.0,80.0
2026:07:03_17:28:48.287,1783092528287,4370,LT,73:5A:BC:29:A9:13,1.0134277,-0.060058594,-0.023925781,1.586914,-0.48828122,-0.97656244,-0.4099392,-0.55403805,0.45228547,-0.5660577,61.0,69.0,79.0,81.0
2026:07:03_17:28:48.287,1783092528287,4385,LT,73:5A:BC:29:A9:13,1.0112305,-0.0625,-0.024291992,2.807617,-0.61035156,-1.3427733,-0.4088656,-0.55387396,0.4529128,-0.5664928,61.0,69.0,79.0,81.0
2026:07:03_17:28:48.321,1783092528321,4399,LT,73:5A:BC:29:A9:13,1.0141602,-0.053588867,-0.025634766,3.0517576,-0.7324218,-1.586914,-0.40946832,-0.55502194,0.4519064,-0.56573707,61.0,67.0,79.0,82.0
2026:07:03_17:28:48.323,1783092528323,4415,LT,73:5A:BC:29:A9:13,1.0170898,-0.046875,-0.020874023,3.967285,-1.6479491,-1.7089843,-0.41017398,-0.5557616,0.4506585,-0.5654952,61.0,68.0,77.0,82.0
2026:07:03_17:28:48.373,1783092528373,4430,LT,73:5A:BC:29:A9:13,1.0126953,-0.05505371,-0.016967773,5.004883,-1.8310546,-1.7089843,-0.4102286,-0.5556634,0.44986248,-0.5661853,61.0,68.0,80.0,82.0
2026:07:03_17:28:48.374,1783092528374,4444,LT,73:5A:BC:29:A9:13,1.0053711,-0.06652832,-0.020507812,7.4462886,-1.7700194,-1.7089843,-0.4089355,-0.55552554,0.44997925,-0.5671623,62.0,70.0,78.0,81.0
2026:07:03_17:28:48.377,1783092528377,4477,LT,73:5A:BC:29:A9:13,1.0080566,-0.0670166,-0.038208008,6.469726,-0.30517578,-1.9531249,-0.4064513,-0.5566388,0.45037803,-0.56754035,63.0,69.0,79.0,82.0
2026:07:03_17:28:48.377,1783092528377,4460,LT,73:5A:BC:29:A9:13,1.0039062,-0.072631836,-0.03186035,8.117676,-1.3427733,-1.8920897,-0.40719712,-0.5561168,0.45028305,-0.5675927,62.0,68.0,79.0,82.0
2026:07:03_17:28:48.408,1783092528408,4488,LT,73:5A:BC:29:A9:13,1.010498,-0.06286621,-0.04333496,4.3945312,-0.24414061,-1.8310546,-0.40570393,-0.5574706,0.45050314,-0.5671593,63.0,68.0,78.0,81.0
2026:07:03_17:28:48.409,1783092528409,4505,LT,73:5A:BC:29:A9:13,1.006958,-0.06567383,-0.043701172,2.0751953,-0.18310545,-1.7700194,-0.40491712,-0.55814815,0.4509526,-0.5666979,62.0,66.0,78.0,80.0
2026:07:03_17:28:48.412,1783092528412,4520,LT,73:5A:BC:29:A9:13,1.001709,-0.07397461,-0.030883789,1.9531249,0.0,-1.6479491,-0.40400022,-0.5577553,0.45152852,-0.56727976,61.0,68.0,78.0,82.0
2026:07:03_17:28:48.456,1783092528456,4534,LT,73:5A:BC:29:A9:13,1.0037842,-0.072265625,-0.026611328,2.0141602,0.3662109,-1.159668,-0.4033468,-0.55704004,0.45180866,-0.5682236,62.0,68.0,78.0,82.0
2026:07:03_17:28:48.461,1783092528461,4549,LT,73:5A:BC:29:A9:13,1.0158691,-0.05847168,-0.027709961,1.586914,0.42724606,-0.97656244,-0.40427527,-0.5575694,0.45070785,-0.5679186,62.0,69.0,79.0,81.0
2026:07:03_17:28:48.462,1783092528462,4564,LT,73:5A:BC:29:A9:13,1.0192871,-0.05444336,-0.03112793,0.793457,0.48828122,-0.793457,-0.40504232,-0.55861074,0.44988602,-0.567,60.0,67.0,80.0,81.0
2026:07:03_17:28:48.497,1783092528497,4581,LT,73:5A:BC:29:A9:13,1.012207,-0.05859375,-0.036254883,0.8544921,0.5493164,-0.8544921,-0.40460706,-0.5592561,0.45021632,-0.56641245,61.0,67.0,79.0,82.0
2026:07:03_17:28:48.499,1783092528499,4597,LT,73:5A:BC:29:A9:13,1.0081787,-0.06335449,-0.033935547,1.2817382,0.61035156,-0.97656244,-0.4035056,-0.5591203,0.4510593,-0.5666613,60.0,68.0,79.0,81.0
2026:07:03_17:28:48.502,1783092528502,4614,LT,73:5A:BC:29:A9:13,1.0090332,-0.06665039,-0.029296875,1.4648436,0.18310545,-1.0375977,-0.4030772,-0.558412,0.4512215,-0.5675343,61.0,67.0,77.0,82.0
2026:07:03_17:28:48.542,1783092528542,4628,LT,73:5A:BC:29:A9:13,1.0114746,-0.0637207,-0.03112793,1.5258788,0.061035153,-1.0375977,-0.40233406,-0.55779773,0.45168322,-0.56829786,60.0,66.0,79.0,81.0
2026:07:03_17:28:48.543,1783092528543,4645,LT,73:5A:BC:29:A9:13,1.015625,-0.05895996,-0.03540039,1.6479491,0.061035153,-1.0375977,-0.4025764,-0.5586385,0.45129547,-0.56760854,63.0,69.0,78.0,81.0
2026:07:03_17:28:48.546,1783092528546,4656,LT,73:5A:BC:29:A9:13,1.015625,-0.060668945,-0.033325195,1.6479491,0.122070305,-1.159668,-0.40303,-0.5595522,0.4506845,-0.5668714,62.0,67.0,78.0,82.0
2026:07:03_17:28:48.594,1783092528594,4684,LT,73:5A:BC:29:A9:13,1.0102539,-0.06274414,-0.03186035,1.6479491,1.3427733,-1.0375977,-0.40252614,-0.5595998,0.45069897,-0.56717116,62.0,69.0,78.0,82.0
2026:07:03_17:28:48.594,1783092528594,4699,LT,73:5A:BC:29:A9:13,1.0106201,-0.06738281,-0.03503418,1.5258788,1.7089843,-0.793457,-0.40161958,-0.5592769,0.4513496,-0.5676146,63.0,69.0,79.0,82.0
2026:07:03_17:28:48.593,1783092528593,4670,LT,73:5A:BC:29:A9:13,1.0101318,-0.064331055,-0.03125,1.6479491,0.7324218,-1.2207031,-0.40251905,-0.5587855,0.45088536,-0.5678301,63.0,68.0,79.0,82.0
2026:07:03_17:28:48.632,1783092528632,4713,LT,73:5A:BC:29:A9:13,1.0076904,-0.071899414,-0.03869629,1.2817382,1.159668,-0.48828122,-0.40064868,-0.5591952,0.4520961,-0.56778705,61.0,68.0,80.0,82.0
2026:07:03_17:28:48.635,1783092528635,4729,LT,73:5A:BC:29:A9:13,1.0053711,-0.07861328,-0.044799805,0.9155273,0.7324218,-0.48828122,-0.39975438,-0.55921715,0.4528329,-0.5678088,62.0,68.0,79.0,81.0
2026:07:03_17:28:48.642,1783092528642,4744,LT,73:5A:BC:29:A9:13,1.0053711,-0.08081055,-0.046020508,-0.24414061,0.48828122,-0.793457,-0.39896658,-0.559196,0.4536285,-0.5677485,61.0,67.0,78.0,81.0
2026:07:03_17:28:48.677,1783092528677,4758,LT,73:5A:BC:29:A9:13,1.0061035,-0.08129883,-0.045043945,-0.97656244,0.67138666,-1.0375977,-0.3981944,-0.5590626,0.45451322,-0.56771463,62.0,67.0,77.0,82.0
2026:07:03_17:28:48.678,1783092528678,4774,LT,73:5A:BC:29:A9:13,1.0090332,-0.079833984,-0.039916992,-1.8310546,0.30517578,-1.586914,-0.39752826,-0.5585229,0.45537582,-0.56802094,62.0,68.0,79.0,81.0
2026:07:03_17:28:48.682,1783092528682,4788,LT,73:5A:BC:29:A9:13,1.0126953,-0.076049805,-0.03857422,-1.7700194,-0.061035153,-1.8920897,-0.39734837,-0.55795157,0.45567942,-0.5684646,63.0,68.0,77.0,82.0
2026:07:03_17:28:48.721,1783092528721,4799,LT,73:5A:BC:29:A9:13,1.0178223,-0.06750488,-0.03503418,-1.3427733,-0.42724606,-2.2583008,-0.39854756,-0.5583158,0.45472643,-0.56803036,63.0,69.0,78.0,82.0
2026:07:03_17:28:48.724,1783092528724,4818,LT,73:5A:BC:29:A9:13,1.0148926,-0.06604004,-0.032836914,-0.3662109,-0.9155273,-2.868652,-0.39979556,-0.55862963,0.45357415,-0.567766,61.0,67.0,80.0,81.0
2026:07:03_17:28:48.725,1783092528725,4830,LT,73:5A:BC:29:A9:13,1.0080566,-0.06689453,-0.026733398,-0.061035153,-0.97656244,-3.2958982,-0.40054548,-0.55844736,0.45281804,-0.5680205,61.0,68.0,79.0,81.0
2026:07:03_17:28:48.727,1783092528727,4844,LT,73:5A:BC:29:A9:13,1.0092773,-0.06945801,-0.026000977,-0.061035153,-0.8544921,-3.3569334,-0.4010409,-0.5580692,0.45229656,-0.56845784,63.0,67.0,77.0,81.0
2026:07:03_17:28:48.766,1783092528766,4859,LT,73:5A:BC:29:A9:13,1.017334,-0.068115234,-0.025634766,0.18310545,-0.7324218,-3.2958982,-0.40176132,-0.5576869,0.45151198,-0.5689478,61.0,69.0,79.0,81.0
2026:07:03_17:28:48.769,1783092528769,4876,LT,73:5A:BC:29:A9:13,1.0227051,-0.06286621,-0.021362305,1.8920897,-0.793457,-3.4790037,-0.40252304,-0.5577219,0.45047227,-0.56919914,61.0,67.0,79.0,82.0
2026:07:03_17:28:48.811,1783092528811,4891,LT,73:5A:BC:29:A9:13,1.0402832,-0.045532227,-0.020019531,3.2958982,-1.2817382,-3.7841794,-0.40342942,-0.55844545,0.44913313,-0.56890607,63.0,67.0,77.0,82.0
2026:07:03_17:28:48.814,1783092528814,4906,LT,73:5A:BC:29:A9:13,1.033081,-0.03857422,-0.020996094,6.6528316,-2.7465818,-4.272461,-0.40406677,-0.5596184,0.4475603,-0.5685406,62.0,68.0,78.0,81.0
2026:07:03_17:28:48.816,1783092528816,4920,LT,73:5A:BC:29:A9:13,1.0002441,-0.03918457,-0.014038086,7.93457,-3.4790037,-4.1503906,-0.4044886,-0.56052876,0.446031,-0.5685457,62.0,68.0,79.0,82.0
2026:07:03_17:28:48.858,1783092528858,4950,LT,73:5A:BC:29:A9:13,0.99035645,-0.052246094,-0.032958984,10.437011,-3.2958982,-2.4414062,-0.4034193,-0.5629471,0.44415596,-0.5683843,61.0,68.0,80.0,82.0
2026:07:03_17:28:48.858,1783092528858,4934,LT,73:5A:BC:29:A9:13,0.99243164,-0.040649414,-0.016601562,9.70459,-4.272461,-3.5400388,-0.40471566,-0.5616278,0.44432786,-0.5686332,62.0,67.0,78.0,81.0
2026:07:03_17:28:48.861,1783092528861,4969,LT,73:5A:BC:29:A9:13,0.9986572,-0.07141113,-0.045288086,9.460449,-2.4414062,-1.7700194,-0.40152618,-0.5638789,0.4443694,-0.5686342,62.0,67.0,79.0,82.0
2026:07:03_17:28:48.902,1783092528902,4982,LT,73:5A:BC:29:A9:13,1.0073242,-0.075683594,-0.04675293,5.310058,-0.67138666,-0.5493164,-0.40015095,-0.56419,0.44489643,-0.5688828,60.0,67.0,78.0,81.0
2026:07:03_17:28:48.905,1783092528905,4997,LT,73:5A:BC:29:A9:13,1.015625,-0.064697266,-0.030883789,3.601074,0.061035153,-0.24414061,-0.3992421,-0.5636068,0.44522318,-0.5698428,61.0,68.0,79.0,81.0
2026:07:03_17:28:48.906,1783092528906,5012,LT,73:5A:BC:29:A9:13,1.0145264,-0.060913086,-0.0126953125,2.868652,0.48828122,-0.18310545,-0.39942017,-0.56310946,0.44460687,-0.5706904,62.0,67.0,78.0,81.0
2026:07:03_17:28:48.947,1783092528947,5026,LT,73:5A:BC:29:A9:13,1.0126953,-0.064331055,0.0014648438,3.4790037,-0.30517578,-0.18310545,-0.39947698,-0.5626527,0.44398043,-0.57158804,63.0,67.0,78.0,81.0
2026:07:03_17:28:48.953,1783092528953,5057,LT,73:5A:BC:29:A9:13,1.0061035,-0.08129883,0.0064697266,5.4321284,-1.6479491,0.0,-0.3988,-0.56184775,0.44317055,-0.573478,62.0,68.0,78.0,81.0
2026:07:03_17:28:48.952,1783092528952,5042,LT,73:5A:BC:29:A9:13,1.008667,-0.076293945,0.010131836,4.1503906,-1.0986328,-0.24414061,-0.39926207,-0.56221956,0.44353294,-0.57251114,61.0,67.0,79.0,82.0
2026:07:03_17:28:48.992,1783092528992,5071,LT,73:5A:BC:29:A9:13,0.9998779,-0.091430664,-0.005493164,5.615234,-1.5258788,0.0,-0.397899,-0.5613837,0.44315386,-0.5745702,61.0,67.0,78.0,81.0
2026:07:03_17:28:48.995,1783092528995,5087,LT,73:5A:BC:29:A9:13,0.9974365,-0.091918945,-0.01171875,4.272461,-0.48828122,-0.67138666,-0.39706483,-0.5608499,0.4433027,-0.5755529,60.0,67.0,78.0,81.0
2026:07:03_17:28:48.998,1783092528998,5101,LT,73:5A:BC:29:A9:13,0.99438477,-0.08898926,-0.019042969,2.868652,0.24414061,-1.0986328,-0.39644626,-0.5604763,0.44358835,-0.5761229,62.0,68.0,79.0,81.0
2026:07:03_17:28:49.037,1783092529037,5128,LT,73:5A:BC:29:A9:13,1.0187988,-0.07531738,-0.0059814453,-0.18310545,2.1972656,-2.1362305,-0.39648005,-0.55894923,0.44342318,-0.5777081,61.0,69.0,77.0,82.0
2026:07:03_17:28:49.039,1783092529039,5146,LT,73:5A:BC:29:A9:13,1.0211182,-0.068481445,-0.005126953,-0.18310545,1.4038085,-2.1362305,-0.39738664,-0.55838174,0.44253278,-0.57831657,61.0,69.0,79.0,81.0
2026:07:03_17:28:49.043,1783092529043,5158,LT,73:5A:BC:29:A9:13,1.0073242,-0.07141113,-8.544922E-4,0.122070305,0.793457,-1.7089843,-0.39784285,-0.5577915,0.442028,-0.5789581,61.0,67.0,79.0,80.0
2026:07:03_17:28:49.083,1783092529083,5173,LT,73:5A:BC:29:A9:13,1.0037842,-0.07458496,-0.005493164,-0.122070305,0.5493164,-0.97656244,-0.39790243,-0.5568283,0.44192865,-0.5799192,61.0,68.0,78.0,81.0
2026:07:03_17:28:49.085,1783092529085,5190,LT,73:5A:BC:29:A9:13,1.0079346,-0.07312012,-0.024414062,-1.4648436,1.0375977,-0.48828122,-0.39749008,-0.55724007,0.44263756,-0.5792661,60.0,67.0,78.0,81.0
2026:07:03_17:28:49.134,1783092529134,5223,LT,73:5A:BC:29:A9:13,1.0111084,-0.06640625,-0.016113281,-1.586914,2.0751953,0.24414061,-0.3982493,-0.5583188,0.44250372,-0.5778059,61.0,67.0,78.0,82.0
2026:07:03_17:28:49.138,1783092529138,5238,LT,73:5A:BC:29:A9:13,1.0043945,-0.075927734,-0.01586914,-1.0375977,2.0751953,0.18310545,-0.39753187,-0.55753726,0.44333163,-0.5784195,60.0,67.0,77.0,81.0
2026:07:03_17:28:49.133,1783092529133,5208,LT,73:5A:BC:29:A9:13,1.0097656,-0.06762695,-0.026000977,-1.7089843,1.4648436,-0.122070305,-0.3974279,-0.55775476,0.44302192,-0.5785191,60.0,68.0,78.0,82.0
2026:07:03_17:28:49.175,1783092529175,5253,LT,73:5A:BC:29:A9:13,1.0057373,-0.07897949,-0.01977539,-0.24414061,2.0141602,0.0,-0.3966846,-0.55720514,0.44420463,-0.5786516,62.0,68.0,79.0,82.0
2026:07:03_17:28:49.175,1783092529175,5268,LT,73:5A:BC:29:A9:13,1.0129395,-0.07678223,-0.020629883,0.42724606,1.5258788,-0.061035153,-0.39621958,-0.55727696,0.44463807,-0.57856816,64.0,70.0,78.0,82.0
2026:07:03_17:28:49.177,1783092529177,5279,LT,73:5A:BC:29:A9:13,1.0170898,-0.0769043,-0.017333984,0.3662109,1.0986328,-0.061035153,-0.3953141,-0.556741,0.44544828,-0.5790799,63.0,67.0,78.0,81.0
2026:07:03_17:28:49.216,1783092529216,5293,LT,73:5A:BC:29:A9:13,1.019043,-0.07751465,-0.019165039,0.061035153,0.3662109,-0.793457,-0.39494395,-0.5572961,0.44584844,-0.57849056,62.0,68.0,78.0,81.0
2026:07:03_17:28:49.217,1783092529217,5307,LT,73:5A:BC:29:A9:13,1.0148926,-0.07434082,-0.03955078,0.122070305,0.061035153,-1.2207031,-0.39467305,-0.558041,0.44614893,-0.57772535,61.0,68.0,79.0,80.0
2026:07:03_17:28:49.219,1783092529219,5323,LT,73:5A:BC:29:A9:13,1.0119629,-0.06604004,-0.048950195,1.2207031,0.061035153,-1.2817382,-0.39449367,-0.5588813,0.44620466,-0.576992,62.0,67.0,79.0,81.0
2026:07:03_17:28:49.223,1783092529223,5337,LT,73:5A:BC:29:A9:13,1.0081787,-0.049560547,-0.051879883,1.7089843,0.24414061,-0.793457,-0.3945436,-0.55981064,0.4459743,-0.5762346,62.0,69.0,79.0,83.0
2026:07:03_17:28:49.262,1783092529262,5352,LT,73:5A:BC:29:A9:13,1.0073242,-0.053100586,-0.052246094,1.4038085,0.97656244,0.67138666,-0.3944568,-0.560702,0.44589588,-0.57548743,60.0,68.0,78.0,80.0
2026:07:03_17:28:49.263,1783092529263,5369,LT,73:5A:BC:29:A9:13,1.0108643,-0.060058594,-0.04626465,0.61035156,1.3427733,1.0986328,-0.39436263,-0.56134087,0.44596195,-0.5748777,61.0,68.0,78.0,81.0
2026:07:03_17:28:49.306,1783092529306,5383,LT,73:5A:BC:29:A9:13,1.0140381,-0.056396484,-0.04248047,0.61035156,2.1972656,1.0986328,-0.39454275,-0.56198364,0.4457686,-0.5742756,62.0,68.0,79.0,81.0
2026:07:03_17:28:49.309,1783092529309,5398,LT,73:5A:BC:29:A9:13,1.0119629,-0.068115234,-0.03881836,1.7089843,2.5024414,1.0375977,-0.39415264,-0.56246895,0.4459557,-0.5739231,62.0,69.0,79.0,80.0
2026:07:03_17:28:49.311,1783092529311,5413,LT,73:5A:BC:29:A9:13,1.0101318,-0.08691406,-0.037475586,3.234863,1.9531249,1.3427733,-0.39299506,-0.56212324,0.44661823,-0.57453996,62.0,68.0,78.0,80.0
2026:07:03_17:28:49.352,1783092529352,5427,LT,73:5A:BC:29:A9:13,1.0096436,-0.10546875,-0.03857422,3.6621091,1.159668,1.4038085,-0.39177078,-0.5617104,0.4472718,-0.57527083,62.0,69.0,77.0,82.0
2026:07:03_17:28:49.354,1783092529354,5442,LT,73:5A:BC:29:A9:13,1.0115967,-0.12878418,-0.045776367,4.638672,0.30517578,1.3427733,-0.39024365,-0.5614149,0.4479894,-0.57603836,62.0,69.0,79.0,82.0
2026:07:03_17:28:49.355,1783092529355,5458,LT,73:5A:BC:29:A9:13,1.0063477,-0.15319824,-0.052490234,4.333496,0.24414061,1.2817382,-0.38862982,-0.56109476,0.44878605,-0.57682073,59.0,68.0,80.0,82.0
2026:07:03_17:28:49.358,1783092529358,5475,LT,73:5A:BC:29:A9:13,0.99768066,-0.16101074,-0.052368164,1.4038085,0.67138666,0.8544921,-0.38786194,-0.5607815,0.44936922,-0.57718813,63.0,69.0,78.0,82.0
2026:07:03_17:28:49.397,1783092529397,5490,LT,73:5A:BC:29:A9:13,1.0008545,-0.14660645,-0.040527344,-0.18310545,1.0375977,0.42724606,-0.38689494,-0.56007946,0.4502937,-0.57779795,61.0,69.0,77.0,82.0
2026:07:03_17:28:49.399,1783092529399,5502,LT,73:5A:BC:29:A9:13,1.0064697,-0.14111328,-0.042236328,-1.3427733,0.8544921,-0.5493164,-0.3861368,-0.5594913,0.45118293,-0.5781811,62.0,68.0,77.0,81.0
2026:07:03_17:28:49.402,1783092529402,5516,LT,73:5A:BC:29:A9:13,1.0067139,-0.13952637,-0.04309082,-2.0141602,0.30517578,-0.8544921,-0.38540995,-0.55895114,0.45213464,-0.5784451,62.0,68.0,77.0,81.0
2026:07:03_17:28:49.444,1783092529444,5547,LT,73:5A:BC:29:A9:13,0.99328613,-0.09423828,-0.032958984,-5.737304,-0.18310545,-1.159668,-0.38598293,-0.55766773,0.45310706,-0.5785408,62.0,68.0,79.0,81.0
2026:07:03_17:28:49.443,1783092529443,5530,LT,73:5A:BC:29:A9:13,0.9967041,-0.115356445,-0.037231445,-5.004883,-0.30517578,-1.0986328,-0.38483155,-0.5582067,0.45343345,-0.5785322,62.0,69.0,78.0,81.0
2026:07:03_17:28:49.445,1783092529445,5561,LT,73:5A:BC:29:A9:13,0.9904785,-0.059448242,-0.01928711,-5.1269526,0.18310545,-1.0986328,-0.38739556,-0.55775744,0.45249406,-0.5779895,62.0,69.0,78.0,81.0
2026:07:03_17:28:49.486,1783092529486,5576,LT,73:5A:BC:29:A9:13,0.9962158,-0.040039062,-0.01586914,-2.5634763,0.97656244,-0.061035153,-0.38883328,-0.5579548,0.45158052,-0.57754797,61.0,68.0,80.0,81.0
2026:07:03_17:28:49.501,1783092529501,5593,LT,73:5A:BC:29:A9:13,1.0219727,-0.019897461,-0.026245117,-0.42724606,0.5493164,1.2817382,-0.38968402,-0.5583892,0.4508638,-0.5771144,61.0,68.0,79.0,81.0
2026:07:03_17:28:49.533,1783092529533,5607,LT,73:5A:BC:29:A9:13,1.0258789,-0.041503906,-0.035888672,1.3427733,0.5493164,1.8310546,-0.39028156,-0.559025,0.4501539,-0.5766492,62.0,68.0,78.0,80.0
2026:07:03_17:28:49.535,1783092529535,5622,LT,73:5A:BC:29:A9:13,1.0151367,-0.05126953,-0.027832031,4.638672,0.7324218,2.6245115,-0.39072284,-0.5596273,0.4490956,-0.5765912,61.0,69.0,78.0,81.0
2026:07:03_17:28:49.536,1783092529536,5637,LT,73:5A:BC:29:A9:13,1.0057373,-0.05908203,-0.015991211,5.4931636,0.97656244,2.5024414,-0.39100385,-0.5597399,0.44827858,-0.5769273,63.0,68.0,78.0,81.0
2026:07:03_17:28:49.576,1783092529576,5663,LT,73:5A:BC:29:A9:13,1.0096436,-0.06750488,-0.010131836,6.2255855,-0.67138666,1.0375977,-0.39131638,-0.55958563,0.44614238,-0.5785187,61.0,68.0,79.0,81.0
2026:07:03_17:28:49.578,1783092529578,5677,LT,73:5A:BC:29:A9:13,1.0097656,-0.031982422,-0.019897461,7.0190425,-1.7700194,0.61035156,-0.391578,-0.5605645,0.4449257,-0.57833093,61.0,69.0,78.0,81.0
2026:07:03_17:28:49.582,1783092529582,5692,LT,73:5A:BC:29:A9:13,1.0114746,-0.020874023,-0.018432617,8.544922,-2.5024414,0.18310545,-0.39172634,-0.5616901,0.44358987,-0.5781646,63.0,68.0,79.0,80.0
2026:07:03_17:28:49.627,1783092529627,5706,LT,73:5A:BC:29:A9:13,1.0142822,-0.016723633,-0.017089844,11.596679,-3.1127927,-0.61035156,-0.39168566,-0.56313777,0.44186744,-0.5781029,61.0,69.0,78.0,83.0
2026:07:03_17:28:49.628,1783092529628,5722,LT,73:5A:BC:29:A9:13,1.001831,-0.015258789,-0.011108398,15.747069,-3.234863,-0.3662109,-0.3912826,-0.56485456,0.4395801,-0.57844436,61.0,68.0,80.0,81.0
2026:07:03_17:28:49.628,1783092529628,5739,LT,73:5A:BC:29:A9:13,0.9881592,-0.034057617,-0.004272461,17.63916,-3.234863,0.0,-0.39074725,-0.56605357,0.43756053,-0.57916516,62.0,67.0,78.0,82.0
2026:07:03_17:28:49.673,1783092529673,5766,LT,73:5A:BC:29:A9:13,1.0031738,-0.064331055,0.008911133,8.666992,-2.4414062,0.8544921,-0.38995427,-0.5664897,0.43564075,-0.58071834,64.0,69.0,79.0,80.0
2026:07:03_17:28:49.673,1783092529673,5781,LT,73:5A:BC:29:A9:13,1.0291748,-0.061645508,-0.03564453,6.2866206,-1.0986328,1.6479491,-0.38911998,-0.5674878,0.43559268,-0.5803396,62.0,68.0,78.0,82.0
2026:07:03_17:28:49.672,1783092529672,5753,LT,73:5A:BC:29:A9:13,0.99157715,-0.049926758,0.0107421875,13.671874,-3.0517576,0.5493164,-0.39025542,-0.5664926,0.4362881,-0.58002657,62.0,69.0,79.0,80.0
2026:07:03_17:28:49.712,1783092529712,5792,LT,73:5A:BC:29:A9:13,1.0318604,-0.06518555,-0.049804688,11.9018545,3.1127927,3.7841794,-0.3877543,-0.5682326,0.43525007,-0.58078176,62.0,68.0,78.0,80.0
2026:07:03_17:28:49.715,1783092529715,5824,LT,73:5A:BC:29:A9:13,0.99157715,-0.04284668,-0.0107421875,10.437011,3.8452146,2.1972656,-0.38627845,-0.5692263,0.4329958,-0.58247447,62.0,68.0,77.0,82.0
2026:07:03_17:28:49.713,1783092529713,5811,LT,73:5A:BC:29:A9:13,1.0010986,-0.06591797,-0.046875,13.000487,4.5166016,3.5400388,-0.38607126,-0.5690458,0.43468204,-0.581532,61.0,68.0,79.0,81.0
2026:07:03_17:28:49.765,1783092529765,5838,LT,73:5A:BC:29:A9:13,1.0187988,0.003540039,0.028930664,8.605957,3.1127927,0.5493164,-0.38667724,-0.56939876,0.43131447,-0.58328813,62.0,68.0,78.0,82.0
2026:07:03_17:28:49.765,1783092529765,5854,LT,73:5A:BC:29:A9:13,1.0379639,-0.0021972656,0.0146484375,11.169433,1.7700194,-1.0375977,-0.386961,-0.5699936,0.42941746,-0.58391833,62.0,69.0,79.0,82.0
2026:07:03_17:28:49.766,1783092529766,5868,LT,73:5A:BC:29:A9:13,1.0446777,-0.049316406,-0.028442383,14.526366,0.7324218,-1.0986328,-0.3863925,-0.5715588,0.42791417,-0.58386874,61.0,69.0,78.0,81.0
2026:07:03_17:28:49.802,1783092529802,5883,LT,73:5A:BC:29:A9:13,1.0288086,-0.06628418,-0.036865234,17.150879,-0.48828122,-0.7324218,-0.38444242,-0.5729474,0.42720824,-0.5843118,62.0,67.0,79.0,81.0
2026:07:03_17:28:49.804,1783092529804,5898,LT,73:5A:BC:29:A9:13,1.015625,-0.036743164,-0.055908203,16.296387,0.0,-0.61035156,-0.38331124,-0.57456475,0.4259908,-0.58435565,61.0,69.0,78.0,80.0
2026:07:03_17:28:49.805,1783092529805,5913,LT,73:5A:BC:29:A9:13,1.0168457,-0.0146484375,-0.059326172,15.86914,0.9155273,-1.9531249,-0.3826251,-0.57619137,0.42443615,-0.5843348,62.0,69.0,78.0,80.0
2026:07:03_17:28:49.846,1783092529846,5927,LT,73:5A:BC:29:A9:13,1.019043,-0.017211914,-0.07507324,14.587401,2.0141602,-2.868652,-0.38214627,-0.5772621,0.4234442,-0.584311,63.0,66.0,78.0,81.0
2026:07:03_17:28:49.849,1783092529849,5939,LT,73:5A:BC:29:A9:13,1.0198975,-0.045654297,-0.071899414,10.864257,3.7841794,-4.4555664,-0.38157782,-0.5784621,0.42239475,-0.58425564,62.0,68.0,79.0,81.0
2026:07:03_17:28:49.850,1783092529850,5954,LT,73:5A:BC:29:A9:13,1.013794,-0.07946777,-0.07043457,10.681151,3.7231443,-5.310058,-0.3806523,-0.5793003,0.42174366,-0.584499,63.0,69.0,79.0,81.0
2026:07:03_17:28:49.852,1783092529852,5968,LT,73:5A:BC:29:A9:13,1.0007324,-0.107543945,-0.08068848,9.460449,2.868652,-6.04248,-0.3796923,-0.5799937,0.42129338,-0.5847603,63.0,68.0,80.0,80.0
2026:07:03_17:28:49.892,1783092529892,5987,LT,73:5A:BC:29:A9:13,1.0058594,-0.123291016,-0.08117676,4.3945312,-0.061035153,-6.408691,-0.37876487,-0.5806937,0.42140412,-0.5845874,61.0,67.0,77.0,82.0
2026:07:03_17:28:49.899,1783092529899,6000,LT,73:5A:BC:29:A9:13,1.0092773,-0.12561035,-0.07019043,2.7465818,0.18310545,-4.1503906,-0.37793183,-0.5809224,0.42180294,-0.58461154,61.0,67.0,78.0,80.0
2026:07:03_17:28:49.938,1783092529938,6014,LT,73:5A:BC:29:A9:13,1.008667,-0.11303711,-0.052734375,2.5024414,0.5493164,-2.2583008,-0.37698627,-0.5808615,0.42234564,-0.5848906,62.0,66.0,77.0,80.0
2026:07:03_17:28:49.939,1783092529939,6029,LT,73:5A:BC:29:A9:13,0.9996338,-0.048828125,-0.033325195,2.868652,0.5493164,-0.061035153,-0.37752986,-0.5817317,0.42143315,-0.58433306,62.0,68.0,78.0,81.0
2026:07:03_17:28:49.942,1783092529942,6043,LT,73:5A:BC:29:A9:13,1.006958,-0.022949219,-0.025634766,6.04248,0.30517578,4.211426,-0.3777404,-0.58217007,0.42037866,-0.5845198,61.0,67.0,78.0,82.0
2026:07:03_17:28:49.982,1783092529982,6058,LT,73:5A:BC:29:A9:13,1.0289307,-0.013427734,-0.022460938,10.131835,0.0,6.7138667,-0.377357,-0.58282113,0.41884854,-0.5852166,60.0,68.0,79.0,80.0
2026:07:03_17:28:49.987,1783092529987,6094,LT,73:5A:BC:29:A9:13,1.0152588,-0.08728027,-0.049072266,12.939452,-0.18310545,7.4462886,-0.373029,-0.5832849,0.41971225,-0.5869083,64.0,67.0,79.0,81.0
2026:07:03_17:28:49.987,1783092529987,6077,LT,73:5A:BC:29:A9:13,1.0256348,-0.06311035,-0.043701172,11.96289,0.24414061,7.263183,-0.37477595,-0.58321726,0.41935074,-0.5861207,61.0,66.0,79.0,81.0
2026:07:03_17:28:50.026,1783092530026,6105,LT,73:5A:BC:29:A9:13,1.0053711,-0.09729004,-0.048706055,11.779784,-0.61035156,7.0190425,-0.37061313,-0.58327997,0.42031276,-0.58801305,62.0,67.0,79.0,81.0
2026:07:03_17:28:50.032,1783092530032,6124,LT,73:5A:BC:29:A9:13,0.9938965,-0.08728027,-0.06750488,7.568359,0.18310545,4.9438477,-0.36871937,-0.5836308,0.42093337,-0.5884115,61.0,68.0,78.0,81.0
2026:07:03_17:28:50.033,1783092530033,6135,LT,73:5A:BC:29:A9:13,0.9923096,-0.08483887,-0.08325195,4.8217773,0.67138666,3.4790037,-0.36751768,-0.5840054,0.4214346,-0.5884327,61.0,68.0,78.0,81.0
2026:07:03_17:28:50.073,1783092530073,6150,LT,73:5A:BC:29:A9:13,1.0012207,-0.07775879,-0.07299805,2.5024414,0.9155273,2.0141602,-0.36665496,-0.5843921,0.42193958,-0.5882252,61.0,69.0,78.0,82.0
2026:07:03_17:28:50.075,1783092530075,6164,LT,73:5A:BC:29:A9:13,1.010498,-0.07519531,-0.059814453,-0.61035156,0.793457,-0.5493164,-0.36619273,-0.5847789,0.42250925,-0.58771974,62.0,69.0,78.0,81.0
2026:07:03_17:28:50.076,1783092530076,6179,LT,73:5A:BC:29:A9:13,1.0197754,-0.07067871,-0.042236328,-1.4038085,0.42724606,-1.3427733,-0.36547637,-0.5845619,0.4233837,-0.58775204,61.0,69.0,79.0,80.0
2026:07:03_17:28:50.116,1783092530116,6193,LT,73:5A:BC:29:A9:13,1.013794,-0.068115234,-0.04272461,-0.9155273,0.97656244,-1.8920897,-0.36659682,-0.5851463,0.42247957,-0.58712274,62.0,68.0,76.0,80.0
2026:07:03_17:28:50.121,1783092530121,6225,LT,73:5A:BC:29:A9:13,1.0065918,-0.07324219,-0.022216797,-1.7089843,0.48828122,-2.5634763,-0.3677221,-0.583879,0.42168936,-0.58824766,63.0,67.0,76.0,81.0
2026:07:03_17:28:50.121,1783092530121,6208,LT,73:5A:BC:29:A9:13,1.0053711,-0.06921387,-0.03173828,-1.159668,1.2817382,-2.4414062,-0.36735857,-0.58435786,0.42189884,-0.58784884,60.0,67.0,79.0,82.0
2026:07:03_17:28:50.122,1783092530122,6236,LT,73:5A:BC:29:A9:13,1.0056152,-0.09460449,-0.04650879,-2.0141602,0.0,-2.4414062,-0.3670737,-0.5836096,0.42258596,-0.5882766,63.0,68.0,78.0,81.0
2026:07:03_17:28:50.162,1783092530162,6251,LT,73:5A:BC:29:A9:13,1.0048828,-0.10070801,-0.0736084,-4.333496,1.9531249,-1.6479491,-0.36681286,-0.58352447,0.42346907,-0.58788866,61.0,67.0,78.0,81.0
2026:07:03_17:28:50.163,1783092530163,6265,LT,73:5A:BC:29:A9:13,1.0003662,-0.103393555,-0.08679199,-6.408691,3.7841794,-1.2817382,-0.36682558,-0.58326507,0.42443112,-0.5874444,62.0,67.0,79.0,82.0
2026:07:03_17:28:50.166,1783092530166,6279,LT,73:5A:BC:29:A9:13,1.0002441,-0.099731445,-0.07885742,-10.742187,5.8593745,-1.0986328,-0.36724266,-0.5826178,0.42564043,-0.586951,62.0,68.0,79.0,81.0
2026:07:03_17:28:50.207,1783092530207,6293,LT,73:5A:BC:29:A9:13,1.0,-0.10546875,-0.071899414,-12.512206,5.7983394,-1.0375977,-0.36769593,-0.5817405,0.42707744,-0.5864933,62.0,68.0,79.0,80.0
2026:07:03_17:28:50.211,1783092530211,6308,LT,73:5A:BC:29:A9:13,1.0063477,-0.10925293,-0.06616211,-13.916015,5.4931636,-1.0375977,-0.368177,-0.58070016,0.4286724,-0.5860587,63.0,68.0,79.0,81.0
2026:07:03_17:28:50.212,1783092530212,6323,LT,73:5A:BC:29:A9:13,1.0181885,-0.09436035,-0.05895996,-16.174316,4.4555664,-1.8310546,-0.3688823,-0.5797921,0.4303694,-0.5852699,62.0,68.0,79.0,82.0
2026:07:03_17:28:50.253,1783092530253,6337,LT,73:5A:BC:29:A9:13,1.0273438,-0.07092285,-0.038085938,-14.648437,2.7465818,-2.5634763,-0.3713744,-0.5789428,0.43028086,-0.584599,62.0,68.0,78.0,81.0
2026:07:03_17:28:50.254,1783092530254,6353,LT,73:5A:BC:29:A9:13,1.019043,-0.0703125,-0.037475586,-13.244628,1.8920897,-2.7465818,-0.373479,-0.57824814,0.43014455,-0.58404565,61.0,68.0,78.0,81.0
2026:07:03_17:28:50.256,1783092530256,6367,LT,73:5A:BC:29:A9:13,1.0010986,-0.06713867,-0.04650879,-12.20703,1.159668,-2.868652,-0.3745414,-0.5784737,0.43090868,-0.5825775,62.0,69.0,79.0,81.0
2026:07:03_17:28:50.296,1783092530296,6382,LT,73:5A:BC:29:A9:13,0.9984131,-0.057006836,-0.049560547,-10.31494,1.0986328,-3.173828,-0.37599048,-0.5789323,0.43115517,-0.58100396,61.0,68.0,80.0,81.0
2026:07:03_17:28:50.298,1783092530298,6397,LT,73:5A:BC:29:A9:13,1.0067139,-0.040405273,-0.044067383,-9.521484,1.4648436,-3.0517576,-0.37730318,-0.57911193,0.43089917,-0.5801628,63.0,69.0,77.0,80.0
2026:07:03_17:28:50.301,1783092530301,6408,LT,73:5A:BC:29:A9:13,1.0131836,-0.053955078,-0.053222656,-7.0800776,2.2583008,-2.9907224,-0.37833244,-0.57958525,0.43099162,-0.5789503,61.0,69.0,79.0,81.0
2026:07:03_17:28:50.342,1783092530342,6423,LT,73:5A:BC:29:A9:13,1.0183105,-0.07324219,-0.05847168,-4.8217773,2.1362305,-3.4179685,-0.37826842,-0.57958245,0.4316966,-0.57846963,62.0,69.0,77.0,79.0
2026:07:03_17:28:50.343,1783092530343,6435,LT,73:5A:BC:29:A9:13,1.0126953,-0.07800293,-0.041503906,-2.5634763,1.7700194,-3.4790037,-0.37807438,-0.5786213,0.4322605,-0.5791369,61.0,67.0,79.0,79.0
2026:07:03_17:28:50.346,1783092530346,6452,LT,73:5A:BC:29:A9:13,1.0075684,-0.084472656,-0.038085938,1.586914,1.2207031,-1.586914,-0.37746772,-0.57792205,0.4325636,-0.5800037,63.0,68.0,79.0,82.0
2026:07:03_17:28:50.400,1783092530400,6467,LT,73:5A:BC:29:A9:13,1.0109863,-0.12878418,-0.060913086,3.1127927,0.8544921,-0.67138666,-0.37628353,-0.5776827,0.43319935,-0.58053714,62.0,67.0,79.0,80.0
2026:07:03_17:28:50.401,1783092530401,6497,LT,73:5A:BC:29:A9:13,0.9893799,-0.17138672,-0.08728027,-0.122070305,0.61035156,0.0,-0.37425652,-0.5772375,0.4348601,-0.58104837,62.0,67.0,78.0,82.0
2026:07:03_17:28:50.401,1783092530401,6483,LT,73:5A:BC:29:A9:13,1.0093994,-0.15112305,-0.076416016,1.8920897,0.24414061,0.0,-0.37517765,-0.5775069,0.43397206,-0.58085054,61.0,67.0,79.0,81.0
2026:07:03_17:28:50.433,1783092530433,6511,LT,73:5A:BC:29:A9:13,0.9885254,-0.15612793,-0.07141113,-5.981445,1.2817382,-0.9155273,-0.37382448,-0.57655,0.4361685,-0.58102834,63.0,66.0,78.0,82.0
2026:07:03_17:28:50.435,1783092530435,6527,LT,73:5A:BC:29:A9:13,1.0057373,-0.11779785,-0.046020508,-8.239746,1.4648436,-1.5258788,-0.37375966,-0.57581484,0.43705556,-0.58113223,64.0,69.0,77.0,81.0
2026:07:03_17:28:50.437,1783092530437,6539,LT,73:5A:BC:29:A9:13,1.0091553,-0.110961914,-0.044189453,-8.239746,1.6479491,-2.1362305,-0.37375888,-0.57475615,0.4382134,-0.581309,63.0,69.0,79.0,81.0
2026:07:03_17:28:50.476,1783092530476,6553,LT,73:5A:BC:29:A9:13,1.0081787,-0.10949707,-0.04345703,-7.3852534,1.4648436,-1.8920897,-0.3736767,-0.57372963,0.43931693,-0.58154273,63.0,69.0,78.0,81.0
2026:07:03_17:28:50.477,1783092530477,6568,LT,73:5A:BC:29:A9:13,1.0098877,-0.09094238,-0.041137695,-7.5073237,0.793457,-1.0986328,-0.3738849,-0.572437,0.44022724,-0.5819944,61.0,68.0,78.0,82.0
2026:07:03_17:28:50.527,1783092530527,6612,LT,73:5A:BC:29:A9:13,1.0097656,-0.06201172,-0.06347656,-3.4179685,-0.8544921,-0.42724606,-0.37664562,-0.57428527,0.44060737,-0.57809305,60.0,67.0,78.0,82.0
2026:07:03_17:28:50.527,1783092530527,6597,LT,73:5A:BC:29:A9:13,1.0136719,-0.061035156,-0.061279297,-7.93457,-0.97656244,-0.9155273,-0.37613866,-0.5734109,0.44044977,-0.57940936,62.0,67.0,77.0,80.0
2026:07:03_17:28:50.527,1783092530527,6584,LT,73:5A:BC:29:A9:13,1.0136719,-0.07446289,-0.045898438,-8.117676,-0.061035153,-0.9155273,-0.37526643,-0.57284063,0.44010723,-0.58079755,62.0,68.0,79.0,82.0
2026:07:03_17:28:50.566,1783092530566,6629,LT,73:5A:BC:29:A9:13,1.0043945,-0.053955078,-0.056030273,-0.8544921,-0.5493164,0.0,-0.37730676,-0.5750836,0.44015574,-0.5772113,62.0,68.0,80.0,82.0
2026:07:03_17:28:50.569,1783092530569,6643,LT,73:5A:BC:29:A9:13,1.0047607,-0.045776367,-0.053955078,0.7324218,-0.30517578,0.0,-0.3780107,-0.57586825,0.43942982,-0.5765213,60.0,69.0,77.0,81.0
2026:07:03_17:28:50.570,1783092530570,6658,LT,73:5A:BC:29:A9:13,1.0140381,-0.034301758,-0.045166016,-0.9155273,0.18310545,-1.6479491,-0.37936005,-0.5764948,0.43833292,-0.5758433,60.0,67.0,78.0,80.0
2026:07:03_17:28:50.572,1783092530572,6675,LT,73:5A:BC:29:A9:13,1.0206299,-0.028320312,-0.027954102,-0.3662109,-0.122070305,-2.1362305,-0.3804568,-0.57673734,0.4373381,-0.5756331,62.0,67.0,78.0,81.0
2026:07:03_17:28:50.613,1783092530613,6689,LT,73:5A:BC:29:A9:13,1.0164795,-0.03857422,-6.1035156E-4,2.0751953,-0.42724606,-2.0141602,-0.38116977,-0.5766825,0.43631086,-0.5759956,61.0,67.0,78.0,81.0
2026:07:03_17:28:50.614,1783092530614,6705,LT,73:5A:BC:29:A9:13,1.0097656,-0.0501709,-0.009399414,7.4462886,-1.9531249,-0.61035156,-0.38117322,-0.5768288,0.43519327,-0.5766923,62.0,68.0,77.0,81.0
2026:07:03_17:28:50.616,1783092530616,6721,LT,73:5A:BC:29:A9:13,0.99768066,-0.05859375,-0.03881836,8.117676,-2.868652,0.8544921,-0.3811017,-0.5771309,0.43406576,-0.57728636,61.0,67.0,78.0,81.0
2026:07:03_17:28:50.703,1783092530703,6735,LT,73:5A:BC:29:A9:13,0.99694824,-0.059326172,-0.051879883,7.690429,-2.5024414,1.586914,-0.37999913,-0.5782658,0.43404078,-0.5768968,60.0,68.0,77.0,79.0
2026:07:03_17:28:50.703,1783092530703,6754,LT,73:5A:BC:29:A9:13,0.9951172,-0.06530762,-0.07092285,5.4931636,-1.0986328,2.7465818,-0.3786048,-0.57908815,0.4344805,-0.5766577,60.0,68.0,79.0,81.0
2026:07:03_17:28:50.704,1783092530704,6767,LT,73:5A:BC:29:A9:13,1.0053711,-0.06713867,-0.08239746,2.4414062,1.6479491,2.9296873,-0.37780765,-0.57944685,0.43493855,-0.5764746,61.0,67.0,78.0,82.0
2026:07:03_17:28:50.708,1783092530708,6782,LT,73:5A:BC:29:A9:13,1.0074463,-0.064208984,-0.07495117,1.7089843,2.319336,2.807617,-0.37720782,-0.57977,0.43532702,-0.5762494,61.0,67.0,78.0,80.0
2026:07:03_17:28:50.752,1783092530752,6853,LT,73:5A:BC:29:A9:13,1.0198975,-0.07495117,-0.068359375,0.97656244,-1.159668,2.4414062,-0.37492186,-0.57908684,0.43687585,-0.577255,60.0,67.0,78.0,79.0
2026:07:03_17:28:50.751,1783092530751,6841,LT,73:5A:BC:29:A9:13,1.0192871,-0.07128906,-0.061401367,0.61035156,-0.18310545,2.4414062,-0.37580666,-0.57863164,0.4361404,-0.57769257,57.0,67.0,79.0,82.0
2026:07:03_17:28:50.749,1783092530749,6810,LT,73:5A:BC:29:A9:13,1.0072021,-0.0715332,-0.040893555,1.2817382,2.4414062,2.6855466,-0.37722775,-0.57789093,0.43487298,-0.578462,61.0,68.0,77.0,81.0
2026:07:03_17:28:50.792,1783092530792,6883,LT,73:5A:BC:29:A9:13,0.99768066,-0.0949707,-0.075683594,1.159668,-4.699707,0.42724606,-0.37238982,-0.57997197,0.43888417,-0.5764816,60.0,66.0,78.0,81.0
2026:07:03_17:28:50.793,1783092530793,6897,LT,73:5A:BC:29:A9:13,1.0020752,-0.09423828,-0.06384277,0.67138666,-5.4321284,-0.793457,-0.37113616,-0.5800843,0.43991593,-0.57639027,62.0,67.0,78.0,81.0
2026:07:03_17:28:50.796,1783092530796,6910,LT,73:5A:BC:29:A9:13,1.0097656,-0.08874512,-0.044921875,-0.061035153,-5.737304,-2.1362305,-0.37095407,-0.57985854,0.4399972,-0.5766724,61.0,68.0,78.0,81.0
2026:07:03_17:28:50.836,1783092530836,6925,LT,73:5A:BC:29:A9:13,1.0098877,-0.0826416,-0.020874023,-1.8310546,-5.0659175,-4.3945312,-0.3715261,-0.5797797,0.43964434,-0.5766526,61.0,68.0,79.0,82.0
2026:07:03_17:28:50.838,1783092530838,6941,LT,73:5A:BC:29:A9:13,1.0024414,-0.07434082,0.013305664,-3.234863,-2.1972656,-5.1269526,-0.37242106,-0.5795397,0.43917754,-0.57667214,61.0,68.0,79.0,80.0
2026:07:03_17:28:50.843,1783092530843,6955,LT,73:5A:BC:29:A9:13,1.0042725,-0.07373047,0.020385742,-4.0893555,-0.793457,-4.9438477,-0.3734327,-0.57914466,0.43872792,-0.57675695,61.0,68.0,78.0,80.0
2026:07:03_17:28:50.928,1783092530928,6969,LT,73:5A:BC:29:A9:13,1.0211182,-0.07348633,-0.028686523,-5.0659175,0.18310545,-3.4179685,-0.37449828,-0.5785572,0.43838122,-0.5769194,62.0,67.0,78.0,81.0
2026:07:03_17:28:50.929,1783092530929,6987,LT,73:5A:BC:29:A9:13,1.0155029,-0.057861328,-0.0847168,-4.760742,0.122070305,-2.1972656,-0.3749129,-0.57914186,0.43865675,-0.57585347,63.0,67.0,77.0,82.0
2026:07:03_17:28:50.933,1783092530933,6998,LT,73:5A:BC:29:A9:13,1.0068359,-0.048461914,-0.080444336,-4.5776367,-0.48828122,-0.3662109,-0.37541214,-0.5797957,0.4388947,-0.57468766,63.0,68.0,79.0,82.0
2026:07:03_17:28:50.971,1783092530971,7013,LT,73:5A:BC:29:A9:13,1.0012207,-0.040161133,-0.0625,-4.8217773,-0.61035156,0.0,-0.37642568,-0.58028495,0.43861434,-0.5737439,64.0,68.0,78.0,80.0
2026:07:03_17:28:50.973,1783092530973,7054,LT,73:5A:BC:29:A9:13,1.015625,-0.040893555,-0.029907227,-5.5541987,-0.18310545,1.586914,-0.37966076,-0.5790276,0.43780312,-0.57350194,64.0,67.0,78.0,81.0
2026:07:03_17:28:50.974,1783092530974,7066,LT,73:5A:BC:29:A9:13,1.0159912,-0.04345703,-0.038085938,-4.272461,-0.42724606,2.0751953,-0.38077798,-0.5786678,0.43741506,-0.57342046,61.0,69.0,77.0,81.0
2026:07:03_17:28:50.976,1783092530976,7082,LT,73:5A:BC:29:A9:13,1.0153809,-0.045776367,-0.037231445,-1.3427733,-0.7324218,2.6245115,-0.3814772,-0.57840824,0.43693995,-0.57358,62.0,69.0,79.0,82.0
2026:07:03_17:28:51.018,1783092531018,7096,LT,73:5A:BC:29:A9:13,1.0133057,-0.057250977,-0.040283203,-0.42724606,-0.61035156,2.6855466,-0.3818924,-0.57784045,0.43659055,-0.5741417,62.0,68.0,79.0,80.0
2026:07:03_17:28:51.019,1783092531019,7112,LT,73:5A:BC:29:A9:13,1.012085,-0.06298828,-0.045166016,-0.5493164,-0.24414061,2.6245115,-0.3818516,-0.57695824,0.43667302,-0.5749928,61.0,68.0,78.0,81.0
2026:07:03_17:28:51.022,1783092531022,7126,LT,73:5A:BC:29:A9:13,1.0109863,-0.06689453,-0.0513916,-1.0986328,-0.18310545,2.5024414,-0.381144,-0.57684815,0.43746638,-0.5749698,63.0,68.0,78.0,81.0
2026:07:03_17:28:51.062,1783092531062,7153,LT,73:5A:BC:29:A9:13,1.0131836,-0.06616211,-0.050048828,-1.8310546,-0.42724606,1.8920897,-0.38086635,-0.57621264,0.43828166,-0.5751699,63.0,68.0,79.0,82.0
2026:07:03_17:28:51.066,1783092531066,7171,LT,73:5A:BC:29:A9:13,1.0135498,-0.06506348,-0.045043945,-0.3662109,-0.48828122,1.6479491,-0.38146707,-0.5755952,0.43774337,-0.5757997,60.0,68.0,79.0,81.0
2026:07:03_17:28:51.107,1783092531107,7184,LT,73:5A:BC:29:A9:13,1.0090332,-0.0703125,-0.041137695,0.18310545,-0.48828122,1.4038085,-0.3812225,-0.5747724,0.43790153,-0.5766626,61.0,67.0,79.0,81.0
2026:07:03_17:28:51.108,1783092531108,7199,LT,73:5A:BC:29:A9:13,1.0073242,-0.07470703,-0.03955078,0.3662109,-0.30517578,0.793457,-0.38076094,-0.5738618,0.43822604,-0.5776271,61.0,68.0,78.0,81.0
2026:07:03_17:28:51.111,1783092531111,7214,LT,73:5A:BC:29:A9:13,1.0070801,-0.0793457,-0.03942871,0.061035153,-0.18310545,0.5493164,-0.3801414,-0.57303095,0.43875512,-0.57845783,62.0,68.0,77.0,81.0
2026:07:03_17:28:51.154,1783092531154,7229,LT,73:5A:BC:29:A9:13,1.0075684,-0.084472656,-0.041137695,-0.48828122,-0.061035153,0.3662109,-0.37932622,-0.57230604,0.43955958,-0.57909966,61.0,67.0,77.0,81.0
2026:07:03_17:28:51.156,1783092531156,7244,LT,73:5A:BC:29:A9:13,1.0068359,-0.08569336,-0.042236328,-1.5258788,-0.061035153,0.18310545,-0.37836733,-0.57150155,0.44068983,-0.57966214,60.0,69.0,78.0,81.0
2026:07:03_17:28:51.158,1783092531158,7261,LT,73:5A:BC:29:A9:13,1.0084229,-0.08300781,-0.045410156,-2.1362305,-0.122070305,0.42724606,-0.377634,-0.5714481,0.4417008,-0.5794238,61.0,68.0,77.0,80.0
2026:07:03_17:28:51.199,1783092531199,7293,LT,73:5A:BC:29:A9:13,1.0072021,-0.07788086,-0.04663086,-3.0517576,-0.24414061,1.159668,-0.37850973,-0.5729115,0.4418976,-0.577253,60.0,67.0,77.0,82.0
2026:07:03_17:28:51.198,1783092531198,7275,LT,73:5A:BC:29:A9:13,1.0075684,-0.07861328,-0.045654297,-2.5634763,-0.18310545,0.7324218,-0.3781906,-0.57228434,0.4416981,-0.5782362,60.0,66.0,79.0,81.0
2026:07:03_17:28:51.200,1783092531200,7308,LT,73:5A:BC:29:A9:13,1.010376,-0.07434082,-0.043823242,-3.173828,-0.18310545,1.3427733,-0.37915906,-0.57264006,0.4415878,-0.5773329,63.0,68.0,78.0,79.0
2026:07:03_17:28:51.243,1783092531243,7319,LT,73:5A:BC:29:A9:13,1.0113525,-0.072631836,-0.041259766,-3.8452146,0.061035153,1.586914,-0.38012072,-0.572165,0.44121122,-0.57745963,62.0,68.0,78.0,80.0
2026:07:03_17:28:51.244,1783092531244,7338,LT,73:5A:BC:29:A9:13,1.0093994,-0.07385254,-0.04272461,-4.0283203,0.24414061,1.6479491,-0.3812679,-0.57163984,0.44076464,-0.5775644,62.0,68.0,79.0,80.0
2026:07:03_17:28:51.245,1783092531245,7350,LT,73:5A:BC:29:A9:13,1.0090332,-0.07336426,-0.043823242,-3.7231443,0.30517578,1.586914,-0.38144448,-0.5721196,0.44118893,-0.57664853,62.0,69.0,77.0,81.0
2026:07:03_17:28:51.247,1783092531247,7364,LT,73:5A:BC:29:A9:13,1.0085449,-0.07043457,-0.03930664,-3.601074,0.18310545,1.5258788,-0.38228932,-0.57154834,0.440868,-0.57690066,62.0,69.0,79.0,80.0
2026:07:03_17:28:51.288,1783092531288,7379,LT,73:5A:BC:29:A9:13,1.0087891,-0.06921387,-0.038208008,-3.234863,0.061035153,1.4648436,-0.3834188,-0.57099265,0.44034314,-0.57710207,61.0,67.0,78.0,81.0
2026:07:03_17:28:51.289,1783092531289,7397,LT,73:5A:BC:29:A9:13,1.0119629,-0.07019043,-0.04309082,-2.868652,0.061035153,1.4648436,-0.3834186,-0.5715056,0.44081342,-0.576235,61.0,67.0,79.0,81.0
2026:07:03_17:28:51.332,1783092531332,7411,LT,73:5A:BC:29:A9:13,1.012085,-0.072021484,-0.044189453,-2.5024414,0.0,1.3427733,-0.38273406,-0.57154095,0.44185436,-0.57585794,61.0,68.0,79.0,80.0
2026:07:03_17:28:51.334,1783092531334,7426,LT,73:5A:BC:29:A9:13,1.0075684,-0.075805664,-0.044067383,-2.5024414,0.0,1.159668,-0.38198304,-0.57068014,0.4428907,-0.57641345,62.0,68.0,79.0,82.0
2026:07:03_17:28:51.337,1783092531337,7441,LT,73:5A:BC:29:A9:13,1.0081787,-0.076049805,-0.043823242,-2.9296873,0.24414061,0.9155273,-0.38176852,-0.56964695,0.44344875,-0.57714814,62.0,69.0,78.0,82.0
2026:07:03_17:28:51.377,1783092531377,7455,LT,73:5A:BC:29:A9:13,1.0097656,-0.07507324,-0.04309082,-3.173828,0.42724606,0.793457,-0.3827794,-0.57009065,0.44298136,-0.5763988,62.0,67.0,77.0,80.0
2026:07:03_17:28:51.379,1783092531379,7470,LT,73:5A:BC:29:A9:13,1.0102539,-0.07446289,-0.041503906,-3.2958982,0.5493164,0.67138666,-0.38371795,-0.5695154,0.44254568,-0.57667804,62.0,69.0,77.0,80.0
2026:07:03_17:28:51.381,1783092531381,7485,LT,73:5A:BC:29:A9:13,1.0124512,-0.06896973,-0.039916992,-3.234863,0.42724606,0.67138666,-0.38485917,-0.56972736,0.44193587,-0.5761757,61.0,68.0,79.0,82.0
2026:07:03_17:28:51.424,1783092531424,7510,LT,73:5A:BC:29:A9:13,1.0083008,-0.06188965,-0.03869629,-2.4414062,0.0,0.48828122,-0.38682133,-0.5702559,0.44079313,-0.57521325,62.0,69.0,79.0,81.0
2026:07:03_17:28:51.424,1783092531424,7525,LT,73:5A:BC:29:A9:13,1.0083008,-0.060058594,-0.03942871,-2.0141602,0.122070305,0.3662109,-0.3877325,-0.5707061,0.4402168,-0.5745942,61.0,68.0,78.0,81.0
2026:07:03_17:28:51.427,1783092531427,7538,LT,73:5A:BC:29:A9:13,1.0114746,-0.059326172,-0.040283203,-1.2817382,0.3662109,0.30517578,-0.38874018,-0.5714306,0.4395176,-0.5737281,61.0,68.0,79.0,82.0
2026:07:03_17:28:51.474,1783092531474,7555,LT,73:5A:BC:29:A9:13,1.0141602,-0.059692383,-0.040161133,-0.97656244,0.30517578,0.30517578,-0.3894712,-0.5719,0.4389613,-0.57319015,62.0,69.0,78.0,81.0
2026:07:03_17:28:51.477,1783092531477,7582,LT,73:5A:BC:29:A9:13,1.0112305,-0.06335449,-0.037597656,-0.5493164,0.122070305,0.30517578,-0.38862696,-0.5701341,0.4398611,-0.5748302,62.0,69.0,77.0,82.0
2026:07:03_17:28:51.476,1783092531476,7567,LT,73:5A:BC:29:A9:13,1.0128174,-0.061767578,-0.03881836,-0.7324218,0.24414061,0.30517578,-0.3889751,-0.5710054,0.43949774,-0.57400745,61.0,68.0,77.0,81.0
2026:07:03_17:28:51.514,1783092531514,7596,LT,73:5A:BC:29:A9:13,1.0081787,-0.06347656,-0.036743164,-0.61035156,0.0,0.30517578,-0.38886222,-0.5693507,0.43967986,-0.5755857,62.0,69.0,78.0,82.0
2026:07:03_17:28:51.514,1783092531514,7612,LT,73:5A:BC:29:A9:13,1.0070801,-0.06262207,-0.038330078,-0.42724606,0.0,0.48828122,-0.38869196,-0.5701626,0.43997386,-0.5746723,61.0,67.0,80.0,80.0
2026:07:03_17:28:51.516,1783092531516,7629,LT,73:5A:BC:29:A9:13,1.0084229,-0.0625,-0.041015625,-0.24414061,0.18310545,0.61035156,-0.38847426,-0.57057357,0.44023797,-0.5742088,63.0,69.0,79.0,82.0
2026:07:03_17:28:51.556,1783092531556,7640,LT,73:5A:BC:29:A9:13,1.0095215,-0.06298828,-0.04345703,-0.24414061,0.18310545,0.61035156,-0.3880167,-0.5711214,0.44075656,-0.57357556,62.0,69.0,78.0,81.0
2026:07:03_17:28:51.561,1783092531561,7656,LT,73:5A:BC:29:A9:13,1.0097656,-0.064453125,-0.04284668,-0.61035156,0.18310545,0.5493164,-0.38720602,-0.5712027,0.4416362,-0.5733657,62.0,67.0,78.0,82.0
2026:07:03_17:28:51.562,1783092531562,7670,LT,73:5A:BC:29:A9:13,1.0095215,-0.06616211,-0.040649414,-0.793457,0.24414061,0.61035156,-0.38733253,-0.57037604,0.44158223,-0.5741439,62.0,68.0,78.0,81.0
2026:07:03_17:28:51.605,1783092531605,7684,LT,73:5A:BC:29:A9:13,1.0097656,-0.06640625,-0.03942871,-0.793457,0.30517578,0.61035156,-0.3876634,-0.5695947,0.44134066,-0.5748816,62.0,68.0,79.0,81.0
2026:07:03_17:28:51.605,1783092531605,7700,LT,73:5A:BC:29:A9:13,1.0095215,-0.064208984,-0.039916992,-0.97656244,0.3662109,0.5493164,-0.3882597,-0.570313,0.4409629,-0.5740565,62.0,68.0,78.0,81.0
2026:07:03_17:28:51.606,1783092531606,7714,LT,73:5A:BC:29:A9:13,1.012085,-0.057861328,-0.041015625,-1.159668,0.30517578,0.48828122,-0.3890873,-0.57093585,0.44038048,-0.57332355,60.0,67.0,78.0,82.0
2026:07:03_17:28:51.648,1783092531648,7729,LT,73:5A:BC:29:A9:13,1.013794,-0.05529785,-0.040893555,-1.2207031,0.18310545,0.5493164,-0.3900135,-0.5715284,0.4397159,-0.57261354,62.0,70.0,78.0,81.0
2026:07:03_17:28:51.653,1783092531653,7744,LT,73:5A:BC:29:A9:13,1.0114746,-0.05517578,-0.04296875,-0.97656244,0.122070305,0.5493164,-0.3903617,-0.57226944,0.43956846,-0.57174885,61.0,68.0,78.0,81.0
2026:07:03_17:28:51.653,1783092531653,7759,LT,73:5A:BC:29:A9:13,1.0101318,-0.056762695,-0.044799805,-0.7324218,0.122070305,0.48828122,-0.38992953,-0.57272667,0.44011825,-0.5711628,62.0,68.0,78.0,81.0
